service_id,trip_id,origin_lat,origin_lon,destination_lat,destination_lon,time_sec_taken,time_sec_optimal,distance_meters,polyline
5955d2c5-76a7-4fa8-bfd2-9498e9058dbb,e219a53a-9114-4770-b691-6b64dbf33c6f,53.86469782,-1.20552912,54.07884769,-1.03059086,9787,2104,36890,ytvgIphjFC_KFMUqC]wAo@gA[aBi@sAgA}Fm@aBuAaBG}@`@}NBcJ?Oo@MgB_@oACwATSCs@o@_AuAaF_@iAb@i@Z]yAMmAa@eHMu@w@CaFHyB@qLaCeBe@o@m@QYEwAQeIQmIgCmUi@sD}@{DeBoEi@o@}@UcAY_@e@iN`E{BN}C]{B}@gCcB}@o@cF_Gq@cAgAzAeDtEuChCyBnAUF_AFuBe@}DyAuBk@mBu@oJg@}AJaCz@yDfBqA`AuBdCgHrFoCfAaA^i@z@a@jAS|@UnBMbAUt@kAdBgDxCiBz@}Ct@wAB{BMgELeBn@aDtAaEnAyCjBwA~@qAd@KcBk@eHKi@_@gBe@iA}@kA}@i@y@QuAAYB@}@MaBa@o@m@Ga@XqDhImBxE?vA^nAj@fBBLNSj@u@f@s@D_@@]Ag@i@yAI]g@{AuCkF{D_HuDqGiBwBiD}C_GgFaC}CsBwD{AgDwBcFiCeImBoIaBkK_D}W}CwXcBaPo@{IaBoZoBc[UqIEwNKgNi@sKoBeQyDs\qBaUmBq\gCac@}BwU{AaL}BsNqFq[yAkLu@yH}AoWa@aRAeMX_Rj@wMr@}JfHqy@jGkv@p@iPFaHCkGSaKo@}Kw@qIcFk]}C}PqEuTkHcZeK{]o@wB_BgEaFsKaGuJaC_DoImJiVuWkUyVkQoR_F{EiEaDiGcDkDkAwFeAaE]eEAoF^cEv@qCx@kBt@qDlBuHlFsSlOsKnHeGzCuE`BiDv@iC^mG^iC@cDOuHcA{FsA_F}@mCQwGHaEl@cD`AaIzD}InEwClAcEnAsHzA_Jt@a@d@Yp@UtAOxAVnKZlBU~@mBb@}AvBeAvBuH`RiHbPgF~KcMdVkClFq@fBk@pADP@l@Qf@WTMCIEk@|@QHaExIkIvRyDzJsDnKsAbGoAhHShBFTEd@OLQIEw@cA_Ac@OkFo@eCo@I@CMqCcAkEaA_@AEXMBGUIWu@e@_HqC}BqA_BoAmCqCwCeCeTwQuPqM}AkAeCw@iHiAwCw@yA{@_CgBwDsCsBiAyAeAoBwBiCwCaBsBEBCE_Ax@s@LqDMyCo@uGiDkCeA{Du@iCe@yCc@cCTqF`AcBVUGk@wAaEgEc@E}BZo@gCqAkHG_@uA^qCPe@GkB[eCRsAEo@Si@Qi@?gETwIDoBV{B`@mE~AeAt@g\vPmGj@mLlAwOs@mDa@eJcB{BWoTa@{A[aAKoCAuAMw@]mFkDuAq@oG{BwBuAy@w@wKyQgNwTuBeD
5955d2c5-76a7-4fa8-bfd2-9498e9058dbb,e22d81e7-96d0-428b-9596-e69e3dda7502,53.97593006,-0.94638929,53.93407035,-1.31385671,6473,1965,34129,oplhIpnwDCgETsFt@wH`AaH\iECk@VIp@YXC~DW|C_@z@MRMR]^{AXu@\WhAIbAHv@Z`@BZ_AVm@^Mp@F~A^tAz@n@h@p@dAzClDlAzAbDrFdBjDjApBhD~ChCtCd@X\mAPONFn@n@hEjCdBz@xElBtFdBTRfBrIvA|Fr@tDf@|EHpBLzCZnA^tAr@rEbClTdArIFd@LPXRKrAUbDkCzb@kDzk@aBbXWjGEnILdGp@|PLhLKjLYvI_@nGu@tIuApKcEvXi@xEUxECrCHtD\`KTxFh@tGXhCXpHB|BNPRf@t@|@`@XXHbBGfDHbDh@lGbBj@d@|DnAvAl@zElCrCvBnDbDxR|Stg@fj@`NdOdFvGtEtHpDvH~A~DbApCl@vBdH|U`H`XjEbSpDnRjDvSvAnJ|@lHZnDj@`IThFPpIAbNYpKq@|KwFtq@qHj{@gArR]nOGjPL~KZbKfAxQhAhMbAlHlAzHvHdd@|AxLhBvQTrCvAdVvA|WbA`PzAjQ|Epa@nAjLd@|GV~HF|HHbRV~Hb@dHfAxPl@|KbArPjAbN~Dz^pDvZ|A`KrBxIxBbHlCtGpBhExBpDv@bAzAxAdGlFjDfDzBlDvHdNdFnJtH|OzBxFnArE~CtM|DtSdA~D|A~DpH`O~AfEnCdIdClHjChGxJ|QrGhMz@bCtApFzArHpB~HxC|JrAbFn@dDl@fFpBtXPtFBdF?vb@TzCPrCn@zEl@lCp@lBz@`CVpAFfBChAOfA[~@mBtCg@nAMj@MrB?|BEZ^bCjEzSjAdGf@bEf@rHt@vFb@hFd@`Gj@hGj@xEp@nCURUTc@r@Sb@Ed@Bh@B`@Ij@ETIRc@h@mAbAoB~B_C|AqA~@YXoBpCeAbAe@r@eAlDyChIeAxB}AdCcBtCmCxFeBfEg@~AeAdGc@fBk@pAiDhE{DlHaEhFy@nAg@lAgBfEaBjBsDdBkG`B_FbAcBNaC[yBLkAf@wDrCqExCaBz@uCXuDHkBScEo@iBWmCRgAKm@KIn]?|BJfEBdFRvDDdBG|CqAhP[rIKxAe@nDuArJuAvTu@bLeBvKw@~GUlBu@rDQlA?hAJb@D\Ej@SXK@w@j@]hA_@pCy@hG_IaBaD[yBa@{As@cC}AcAs@{@}@oBmC}CcE{AeA{@]iEK_CGyDg@yIeAgGm@oFcA_Dm@?XFtDR`IRfEZbD
5955d2c5-76a7-4fa8-bfd2-9498e9058dbb,f1a9ee87-6f92-4a3a-a891-77e115547dde,53.90946349,-0.70631009,54.01217001,-1.20401836,7927,2882,49510,cc`hI|ehCdA{@nA_C`BeC^Kh@nHZvFvAjSZxFb@fDb@jCBlBQlBe@bAiBvBYdAUfGIpJBxKb@|EjBlJ|AvJr@pIt@nHv@lFFxBSd@oFxGGVPLFFJj@AbAk@pE_@bDbBvLpAfJpC~QpBlSnAvNb@vHLnIV~NFzAT`AtA`DZXvAPZTrAzDbAnCd@Cr@W\n@sAzB{E`JkL|UcK|SwIdR{IfVkHlTcXzy@kA`DyFrMqBbFm@tBiAzFkD|[aBhKeA|EGn@HBNPLx@Oz@]PSEGIIMKTo@nB_AlDyI`]mLzc@cO|i@eDxNcCvMgE`[{Rz|AmJdv@iG`d@sBjJqAxEuDnKcFpKyDzF}DdFsCbEcAtBkAvCaBfGcAjGo@xGc@dK_AdSs@rFwAhHeCbOaAxIeCh`@mD~n@mAlNsBlNiCrMoDvM_BdHy@|FqBh[o@bF}BlJsAvIQtGDfMzAnLdAdEnE|Mx@vCn@pDr@tGx@rQdAhV?tIOrDq@bIaDhVeLtqAoJr|AwA~UQ~GPhOt@zSD|IMbL_@zJyApQcHlf@m@~JT~LVvHbApN\|DNzHh@hAzAlAtCCrDPnKjC^^zBn@nCfAzHtEhIxHbWrX~c@ff@bLfMpEfGpBbDbE`IxDrJbMjb@bHjY~CdO`EvThCbPrC`U~@jNNbEN~KInLa@|Ku@|KgGht@wGvv@kAhUW`N?nRt@bX~@jNtAfNdDlTzGfa@|BbRtA`PdEbu@pAhQzAzOxEl`@t@pHd@|HX|RJ~QdA~RfAhQLXZjCj@~@l@Hh@[f@wA@gAe@aBm@]uEQaAXKPYH[QOo@UkBi@aB}@aB_A{AsE_G_HsI{FuGkDmCuBmAuDwAkDs@{DWkOl@{Mp@sBJw@FcA`@CFAFGJSRk@AOSuA_@m@BgCN_H~@qHrAwNjCwQfD}j@fKiKlB{Bl@m@^ULs@SuCHqJv@qIr@cEHqCYmCw@yBiAiDiC_SwNeJ_GwNkIy@CE@e@pEG~AU~GYnB{AdKeA`K{CtYoAnN[rKC~U?lSc@rRLdNk@hNE`HSdDiEbXeFfZcJll@qBzMg@`FoBxVaL|o@uCfPkA~GsBtJ{ApFoAbCsAfCe@hBu@hF_@lCi@zDm@QcCg@wH}AeL_CYwB_CkLqIq_@cAmEi@eA{LqJ}IcGwLiPgAcBeDwHiGwJiAm@qB`@qE~E[?o@iAeCuGYEa@ZmCxEaDpFYNy@bAk@jAy@`BwAzF?lAy@rH
5955d2c5-76a7-4fa8-bfd2-9498e9058dbb,0a8a1638-bd41-4322-b0a0-8e547578aac6,54.12672949,-0.87750846,53.75993727,-0.9696514,7661,3065,54195,_gkiIhwiDjCeK^gJg@aO_@}AmEn@cCP}B]qFeAqAIqFpAAhJEhWd@fR^jQZfLO`Kc@dSShHoA~IL|CbApFJzF`A|^dA~OVxK~BlYbCxKt@xGR`GA|Fk@vFkBbTA|@DxAvA[rDq@fVyD`Y_F|OuCTQPWRJf@FpSiDbCe@nZ}E`YeFnj@_Jta@eHzAeB`A{@vBCvKxA~@b@h@j@v@zARbDP~@d@h@hG|Bf@@j@KxDkC`@M^NjAvAhM|Dv@dBh@|AvAlBbJlHp@JvCg@`APlK`RfJhFzALfFy@rCg@vEwA~EaBrAiAVWFRRr@lBlGjBfF|EhKnEfGnDhD|j@rg@lMhLbC~CpBxBrG|FxD|DjGhGhFtDdFbCrFvAhF`AhIxCxE~CbGpGnC|DzF`MvSvc@rHvOhDzFlFfFxJxD|RhHjInDfIlFjHvGhPfRdDbGjFpMlGbTbGdTxSlp@nUbt@|Lz^hZp}@nBnFjCxEpR|VfWt\pC~DvCpEb@N|BzCnBxBhBrAfChAnC^lBCvA[v@m@h@gBf@y@l@Q`@JnAfBf@`@r@HlE]hHkA|H_CbNwGhG}C|CcAxEy@jFQzDN~GnAhGrAxFt@pHNxF[~GmAbFaB~CwAxGeE~]mWxGoEnIkDfGiA~E[rHNdHhAtG|BzElCrCvB~IzIxl@to@lZp\hEfG|HhObDpInCjJrInZpGjXzI~d@~DhX~@~Iv@fMPpERfBPjKAfQf@xB`@Zj@JrDyAbAQrC_B|CcChDuDzEkIdLuVnMaUvEgJpAsCxAgBlC_BpA_@bD]fDHjKN~KQxBIfC_@pB{@~DgC~EuCtDkAxC[pG?`U}AvDc@nEoAfPkFhDWtCXjJ|ChCf@hG`@|DTxCApAAbASdFaB`HcElC{AbBOlIp@pE|@zJjFbHjE`C`AtN`GfZ`KbDt@vCZbE?nFm@dJmDnGsBnE[nL?zHCbDFrERdCd@~B`AzH|Eh[xSrF`DnGfBrETpGe@tJqBfG}@bLsC|G}BnHeDnM}GjMqHrVaN~TuMnT{Lji@iZxFgDtFoChEkAxFi@pSwAlEWlFPjGxAlAp@DUR_@?eBHsD|BiT`AsDhAwBfAiAfC}AbGuD~CaFjE_JhC_Gj@y@lDmE~AeDvLea@nCqLvAyJbDoZnA_IvAmGtBqGdCwEfDsF~F}N~M}YlFmJrEkGvA_CjAaEpEwU~DiJr@kDv@gIx@uEf@mAnCmBnBw@hFiCnHp@tF\pFK`@QZ{@Vg@dBcArBoAlGiE~FqEjDgFxDsOzBaF
5955d2c5-76a7-4fa8-bfd2-9498e9058dbb,ed9b6263-fc66-4200-9ca2-3b69ef911b37,53.93559702,-1.2977693,54.00839736,-0.93743167,4972,1943,32398,a|dhIjm|FLcKN_KGwHQmBCkB\gCrCcN|H}_@Ng@J?|G{AjEaAnCuC|A}Bp@{@jAiApDqCfE_EhBkBbCsB|AeAhA]dBFlB^pMtEnH\hA@|AXj@Lh@H@q@T_Cp@cEt@gDp@qBf@mDEq@uA_EyAyDw@oCu@mD_AsEUuH_@kDoCmMsCuLyA}FcAkDq@_AgBkAiFyCu@o@q@Y{BiAkBsA}D{DeAwAuAyEc@oAm@eAkHyJg@k@s@qAEe@@_@l@_DpAcGnAiEdDaI`B_E|A_D|AkDrAsBVw@@m@Y{EDeBVa@tDgCnAiAf@q@He@DW@[Ce@{BmKyAwHeAwCgAyDgC_KyAaHScCGwDLgCxBoLhAkGTeCTeJNuCRaB`B}FHcBI{A_@kBk@eE}@wPCwFP_Dp@kIn@mKb@qFZaJr@_NZqPj@uHDmBFoIBuEE_IBwALcBx@qFj@{E^mB^yCXcEv@yFl@sE\}FDaGOmE]}CYuBImCxB_BdLoIxE{ElAeAtEkCnBmAj@g@^k@mAoCqBuFiCwJuAmHqAwJgDeYgD}ZqAkNc@aIiBa\}@cMc@kKKiKCuO]qLg@gHoCoUgAmJcCqUuAiRyC}j@eBiUkAwK{@wGcAaHiGi^aAcGyAkLu@yHw@oKe@_KU_HOiRJ{Mf@_Qr@mLpAgPjGis@dDca@bAqMZyFXmMBeGI{Hc@aLi@uH}@{IgCaQsBcMwEuVeGeXoCmKuHwW_C{HyDsJgCgFqBoDoCeEaC_DoImJoH_Ii]e_@iKcLeO_PeEoDaEiCcD}AmBs@yEiAeAFa@AgA?iBLgI|@[J[\M`@Kd@@n@Qp@Wl@c@^s@DSGc@_@So@Im@a@oGOeDDi@S{AWcA_BuCc@aBoAsIgAsFyAuEcFkNiAcCcDwFqFqKqIsNmCcEy@aB_A}BsAoEy@uA_BwA{@eAeAsBcA{CkAqEiBsJsDwOg@{CyAyOw@eGsAgGcB{E_AsBcD}FwG_L}EaKyF{L_DkIoGmQ{HsRsB{DmBuC_BkByGaGcCkCy@iA}AmC{BcFsBkGoBcGiAkDaAaE{@qFoB}MmAuGuAkGGe@SPi@j@c@j@[x@MPWD_Ab@gDjCi@AgBoBiCiCcBuAgBgAaAa@s@SeAIeCH{Bb@gA`@gAI{Ga@{Fc@oDQgASmAs@i@c@{AeBmAmAoAy@yBmAYWkAmBWUO@{@dAqC|BqAbASp@KfJQd@y@@qCQgDHyCV
b11fd36f-d19b-4855-919b-7c128607a346,51f83c12-ff22-4ff8-957c-3007295c21d0,53.85864671,-1.07781127,53.76028907,-0.92488752,2402,1182,21245,w_vgIxyrEHJDT@n@QXi@x@cAxBe@`@YPSOkAc@c@E_@?y@Ri@XkCvC_BjBwAxAgBhBsAfBoElG}OcYeFkJiAyBeDcGuAqC}@iCu@_DWqA_@wCYgDKwCMaJo@gk@?oBBqBNeGF{DEgCIoAEm@SiBaAeG[_DIeBAaB@m@BaAT{Bz@yExAoHZwBPqBBuA?}AG{AUkBQ}@Y_AiAwDy@iCUiAOyAK_BCiC?mB?c@VFpCfANNzC`AjGvB~LfEfAZzAXfANnAJdBB|AChBMdC_@jBi@dBo@rCsAlBy@j@QtBg@bBSjBGnL?^@JEnG?vC?JFhCHhAHnAPt@Rx@XdAf@vAv@bFdDnJlGxOjKnDzBbAd@dC|@hCh@nBPbBBz@AtAI~BYXMfDs@rDo@vCe@P@|AYvG}AjCu@rDmAhBo@lFyBJKt@_@vBcAfAm@nGkDrFeDvEkCPElIyErKaGhDyBtO{IdK{FhH_ExKmGlE}BrMkH`DiBlBgAxFgD|BqAvB}@zAg@lBc@lBUjCSzHi@tIm@zBQpAErB@xBNzB^nCx@lAp@DUR_@JIK{AC}@LuBZgEZiCdAwI\{Ab@wA\{@j@{@^g@f@a@fC}A|CgBdBmAj@s@rBmD`CqEhAmC|A}Dj@aAj@y@~AmBlA_Bt@uAh@oA`BmFvByHjA}DpC_J|@cDn@{C`@qBt@yE`@_Dz@wG^wD`@sEd@kEb@cDj@{CvAmGx@sCz@}Bz@iBhAmBbBkCbAgBVk@fFqMbBaE|@oB|HkPtB}DvBoDz@sAvCwD|@oAXo@d@sAd@mBtCcPf@{BRw@h@{A`AqBr@{A^_AXkAX_Bv@gIJ_Al@uCf@}Bv@oFd@sDh@uCr@gCv@kBbBuCnByC`JwNpCkEbC}DlAoCr@qB^{A\sBLaBFsAf@cVRwKNqNJiMVmKV_Fx@wKv@mKn@eGh@qE`A_HhAwH^gDb@cFXaFRgHVgQPaIZcK|@kSbAoOjA{M
b11fd36f-d19b-4855-919b-7c128607a346,ee622b6f-b02c-477e-bd2e-e799a9976218,53.88021159,-1.104947,54.02752182,-1.02984225,9355,1685,27141,gyzgIxtwENTF\GzHGlMDhARpAs@n@qDxCgAf@o@Ri@@k@A_AQu@SW@c@^wExGk@pAUjAq@zEWxBGbB@n@nAbM`@|Br@nDR\b@^h@FPHFpAk@Xk@f@gBpBk@b@e@Hg@Ag@Ua@a@gBqDcF}Ko@yAk@aAg@y@y@{Ac@_Ac@s@OKUAOFOR_AdBkDbGKLO@K@SHSRsArBmB~CsD}EmCeDkFcHaB{B{A_BwGmHmDuDk@m@m@k@{AaA}B}A}GmHuOqPcAcA}AkA{@o@mOeLmMyJgBmAcAO{PcAeLk@sAMwAiBmHmJeJeMw@oASiA_HvBwB~@_HrCs@l@oAnAo@v@}@xAgA~BqAtD_A~DMp@c@bD_@rFInFGtDSvB[lBqGj\t@r@r@r@nA~AFHHEdBlBn@f@hAp@pAXVSx@ElA[d@YZWZ_@d@}@`@wAXyBBsBGsAWuCG{B{AaL}BsNoDmSaAcGyAkLu@yHw@oKe@_KU_HKaIAeMH}HNaHj@wMr@}JfCkZ`Fwk@hEyh@ZyFToHFaHCkGSaKUqEYkEw@qIuAeKmCeQ}C}PgBeJiBoI{CuMoCmKuHwWoAcEo@wB_BgEyAkDgCgFqBoDoCeEaC_DoImJiVuW{`@ac@{EgF_F{EmB}A{AcAeBeAcD}AkDkA{Cq@{ASaE]eEAuCNyANcEv@qCx@kBt@qDlB}AbAwEhDcHlFoJ~GsKnH}BpAgChAyAl@{Br@iDv@iC^uCVwBFiC@cDO{CYyCi@{FsA{Be@cBWmCQyCA}BJ}ARcBXiAZyAd@}B`AcExBkE~BqCnAwClAcEnAuEdA}ATeCXwCPg@BYDa@d@Yp@UtAOxADjDPbFDZLb@Fl@Ed@OXWHm@Ng@H}AvBeAvBuH`RiHbPyAjDmCrFoEzIsFhKkClFg@`AId@k@pADP@l@Qf@WTMCIEk@|@QHaExIkIvRyDzJmBdFeAhDsAbGoAhHWbBBDFTEd@OLQIG[@[cA_Ac@OkCU_BYMCuBo@ABEBCACMwAo@y@SkEaA_@AEXMBGU?KIKu@e@_HqC}BqA_BoAmCqCwCeCeTwQuPqM}AkAeCw@_Di@iC_@wCw@yA{@_CgBwDsCsBiAyAeAoBwBiCwCaBsBEBCE@MoDiIiAyBIOHg@z@_G\{BHkAZ{EV}F
b11fd36f-d19b-4855-919b-7c128607a346,0e9472d4-cb8c-4b79-9bd9-19c78d2be96a,53.87312338,-1.3221862,53.99169142,-1.32181738,4512,1231,26988,wbygIfjaGjVhMl@p@h@~@tAzCXn@`@`@b@LnA@T@P?\Dh@Td@^d@n@zBhCtDbIhAfCdBzCjAlBb@h@p@j@xAxAJZFd@HvBNvIVfOf@hTHlEVhIFbCCvBE|Ab@CbDGv@EjC_@`Du@hB_@~@UlBU~Be@z@?`@Bf@Pj@\`Az@r@h@^[TEb@@PDNPRVJTHZLhAH`C@d@El@Q|@Wd@q@b@WBSE]QQUu@_@u@Ym@IuDQkEc@wDq@yEq@IIKK{AEoBCyAFuALuCj@kB\sA^kEpAcDz@cKpBmD~@aCp@wCdAwCpAsBdAoCfBmA|@cBxAqCpCmE`FiEfFiCbDoAjBqE~GiAxAqApAgA~@sBlAsAr@qAd@_AZuCh@aEh@yAPaCd@gAVkAd@aAf@iAr@kCxBgFbFsBvByGdGaEhDwDvCgGnEqGnEaGxD_DfBwD`B_DrAsC`ByA|@mAz@cGdEwFzDeAz@sCnCqDhEcDfEsDrEeElFkBjC{AdCyAjC_BlDsBtEuBdEiA`BmAtAiAbAeAt@eAj@w@ZuA`@_BT{CD{AEeIi@yOkAeDc@gCg@eA]uAm@yD_CmBgBsB_Cw@qAWc@eBqDkBcFcA}Cy@{C}AyEkA_DuBaEaCiDq@u@}AwAaC}AkDyAgB[wBQmBCe@Bq@FQBcB\oDz@gErAiC`AsDvA{J|CuEdAyEHoDOqBQuDw@mG{B{As@g@YkBoAuBaBaCmBoGuFmJ_GcE{BeEsAkEy@oCWmFEwBDoFp@gG`BmDbA_Cf@}Bd@}Cd@}AT}BPaGVsBDmHM}CO}BWgJqAkG{A{HoC}FiCmEiCeEmCqRcOkBgA}Ag@yFiAmGu@kIc@{DMsHKgGAuFHaBFkH\qF^uGn@sARoB\}B`@oAX_Dt@}DjAoC~@}ClA}CpA_GtCkAp@eBnAaAt@gB|AmCrCwAdBqBpCcJjO{BlDoBhCmBbCMh@gEjFaDlDeBbBeAz@_Ax@CZIn@Of@c@l@[BY?SM_@_@a@kB_@cCAeADc@Je@P]LSL_APwAR_FLsF?yEOqMc@iWCkG@{DPkJLsCPyBZgCb@wChB}L^sC\eD`@{E\gGJyDD{DJgOJyCVaE\uCf@eDpBaLj@kEVaCr@{If@gG|@aJt@yErCeO~C_PjA_FlAsErCuJf@qBZeB\aCPcBVyEFiAHwCJDP@ZIt@e@r@SfFu@rEe@fE{@h@G`DY`Gy@hJqAlGs@z@KQV_AzAUn@Oj@K`AM`B
b11fd36f-d19b-4855-919b-7c128607a346,5cf03ac9-e88c-46c4-b6e6-df53570fe328,53.82861163,-1.12746402,53.96837147,-0.90735239,7118,1856,29766,wkpgIz`{EKEe@s@c@m@\{@Pk@Ja@BWM{@i@]cBu@_@w@e@x@_AnB]fAI~@_@|AUv@BF?NGHICCK[KmA}@_AcAQ?QP_@pBe@dDgAxE}@zBo@nAoA{CeCaG]u@SOqC]_@SoAkAul@sj@i@m@gCrBsClCaA~@yBpB_Af@}@^aANqAA]O}DkDqCoBsBkAyCyA[YS_@S_A{@mEe@_AoAyAuBeCyAuA}A_AyCmA[OWWOa@WyAWqCAs@DgE?mEMsBm@cD_@iB_@oC}@eH[oAa@eA}@aByAsBc@qAKs@OeBYaBoCyJaEkNgDqJy@uBgAaEyAeGa@oAm@yAo@w@cA_AuBcDcFiJgJiPmFoJoHeNeDcGuAqC}@iCu@_Dw@iFYgDKwCc@{^Y}YRwJF{DEgCMmBGy@M_AaAeG[_DIeBAaB@m@X}Dz@yExAoHZwBPqBBsDSeDIa@k@}BcCaIe@cDK_BCiC?mBgCiA}DkBg@_@oAq@mCaBoAaAeAg@eGoDuB{@mBe@mEi@yC]kC@a@Je@ReCxAwD`CkAn@{An@iA\wAZcBVk@LgAFw@@gDG}Dc@iBYOM{Cy@cFkByAa@eAO}@GmB@_CZ{E|A_J|C_Bd@mB\oFf@uMbAyCDsE?}AH}B\sA`@wB`AgFbD_DjB}Bv@kCTqABeLPkFCgEQs@CkCFmB\eBn@eAn@mAnAoArBkAlC}BtEoAvB{InOaCnEuLpWqCrEu@bA}D~DwCrBmAn@UJIPKHe@TkBbA_@Zc@~@Ah@Id@QZUNMB_@GOM{@G[HkBrAYp@Ob@URQB]SMc@Ek@Hk@R]JGd@y@v@cBj@qCj@uJPcHBcEGiIGeDD]McCYkEw@qIuAeKmCeQ}C}PqEuT{CuMoCmKeK{]o@wB_BgEyAkDgCgFqBoDoCeEaC_DoImJiVuW{`@ac@{EgF_F{EiEaDeBeAcD}AkDkA{Cq@eAFiBAiBLgI|@k@VYr@Kd@@n@Qp@Wl@QRg@R]ASGc@_@So@SoBWmEOeDR{APa@\c@PK\{@Ru@HmA?eCQsEi@uGs@{RIuDBsCTyEh@yEbEwXtAqKt@uI^oGXwIJkLMiLq@}PMeGDoIVkGtDsn@bFgy@f@aHvAqP|Eoj@zBqV`AuHzAoKh@wHLkEEyHkA_Xy@wO{@iHg@gCoBkGcD}J_AgE_A{GQcCEkD@mIHqCJwAHs@SC_H{@sSqBwOwAmV}BgG_@gAA]SIUKYIc@EgC?{KDsEa@mGYwAIQUOyAi@c@a@Oe@c@cEOi@MQUKa@@oAJ
b11fd36f-d19b-4855-919b-7c128607a346,28269167-7206-47b8-bc70-6a127767fc66,54.05925601,-0.92583373,53.9105843,-0.85742882,5804,1551,23157,gv}hI~|sDPtD@dFDrCC~BOrCGx@~EfEtDjDvCvCb@|@fAnArArAzBlBfC~BhFlF`D`DxAnAtBzArBlAjB|@bCz@|A`@|Bd@zB`@pAXtDpA|CpAjBjA`BnAlBjB~BnCz@hAdA|AbB~ChEvJdDpHb@|@Le@NeAb@aDXcBVi@Zc@lI_KlAkAhBoAjFoC`@Gp@A~ALjAAr@O|@]rCu@|Ac@tAm@LE~A_@nAk@nBeAlC{A|B{AnBmAhCiAbAu@vAw@vLcGrAu@dBmAhFsEzAkAdB_AdCkAlBa@dDYlAMd@FTLt@p@XTZ_@h@g@xCwClAgAv@c@x@Ot@Il@CZKZUtB_CzAwAjBw@nDkAdG{B`B[rAOf@Ul@g@\g@f@kA|@qBr@cAt@sAv@kAhAiAhBgAf@Kd@CRCLIPWLe@VyAVuAh@oBNc@t@uAtBkC`AsATk@^yAl@{BXc@XOHAh@Bl@Dj@AdAK^[R]Nw@Vu@LKfGcFp@k@b@k@|AkCbBqChCuDzBuCxBvGlEjLt@rB\lAJd@`@Mf@[rBoCbBkBnBiBxAeAhDsD|BuCtBaD`BeBlBmCLIN?LD^^vAjAVX`@v@Vt@VrBTx@FNF_@Vc@bA_AtAqAF[?a@OsA[cCCq@@c@TqAd@_@f@i@~@uAVg@Tc@HGT?RJTXf@v@`@p@x@v@j@h@LN~ArBr@r@^Zh@TrDl@~@HnA?v@Of@SZWjAgAfGiFhAgAd@[dBs@dBk@tAWdHsB`EoA~@a@~AaAvAaAjBgBrB}B|CsCbAu@tCsAv@WzAYlFAfCIfAFn@JbB|@dBfAXJ`@Db@Ar@M`DqAtB}@tASbBMXDNJLXR`AThCLn@Z`@b@Vz@Tb@\T|@f@~G@zBGzC?lDDvHP~@N^\RfA@fG^pHt@|V|BhZrCrH~@`@oCb@oBtAsFf@yBT{AXgC~@oOb@eHn@qFr@{DbAiEhBwGdA_EdAcFbAoF~@gGr@eFVgCt@eJ\gGrBy^lC{c@n@gHtAoKtAqH|@iEz@oFb@uEJaBPqEb@gN`@sFz@cHd@kC`@gB~@_Dl@aB`BkDrCcEbByBnEaGbAeB~BsEbB}DhBaFzBkH`ByGr@mDv@yExBoPlJuu@pCyTlAkJhIpMpHpLtL`RlVl_@~BpDNZd@fBhCzOxAaA\MNC`@?lCZnDl@zCx@lHpC~BbA`@H\Gp@g@vCwAlH_DhL{ElAi@
2dc1c2db-cfbd-4bcf-9d7c-67802bc12201,d8f597ee-acb4-49b8-8c8f-f7d0255ad0bb,54.075855,-1.30111486,54.09998689,-1.26300866,5448,1404,15461,{n_iIrq~FVxE?jAQbCg@fEc@dDOrA?jBELe@TgARe@FU?MnGIdFS`DSbBeAbG]~BGdASjAQj@[l@[b@_Ap@[d@tBrAp@h@d@Nv@VzFvCtAt@ZZP\nNr\X`@BDF?JDN?v@W|@]nAa@n@GdBCnBTN@PG\[zBgDhAyAXw@Pc@pBcFl@}AbDiGHIJIXAf@Vd@Bh@QvCoB\HdD~H\h@NNPFVBz@?|AMhAO^Q`@a@hAaBl@w@v@}@t@w@t@mA\m@b@e@|BoBjB{AdBgApAgAl@i@^IVBX?p@Uf@[tB_FxA}D~AsEZw@jAcCl@iAxAgCxBeD`@}@lAmC\_AhAiEf@cBl@_Bn@iA`AoAzDeEHIKw@w@kE_DeO_B}Ki@oCw@gC}AmE}BeGkAoCkCaGkCaFiCiEiAqBi@oAw@cCwD}N}@}D[cBIy@BoOCgASeBKcA@aAAaCO}Ba@{CMm@Um@q@mAi@eAi@}Ac@cA{@kAeA_AsGmGyAwAw@}@e@y@So@i@sEQsAKc@MSOKUAs@B_@I]S[i@Uo@c@kCQi@Wa@WQ[KuAc@s@[g@_@i@s@Wu@QkAWqEGu@_@}B]mBMiAUcJQkDMuBk@kKu@cKw@oG[mB{@}DQoAg@yHw@uGY}Bk@mDkAiGSoAi@sEQ[UMUBkAz@qBjBs@|@i@`Ac@v@s@bAeAfAoE|Di@d@MDUAQGYSkDmCuA_Ac@a@aAsAa@m@q@u@iBoAqA}@_CkAuB{@k@a@aAcAw@oA[w@_@o@q@oBu@}Bk@eBq@{AeA}AgD}DgBkByBbV{AbNyBbPiCdPOxAU`D[zCq@hDg@pAk@bAqCjEm@bAiCjG_AnByClF[j@uAvDuAvDUHo@t@k[h[oNtNmFnFSPg@TYDe@Aa@OcCiBe@Sk@Kk@Ek@As@Dw@FaBTmCf@UBs@CsMiDoEmADu@FQnAaBNo@tBgh@XaJ?u@Is@yAqJ
2dc1c2db-cfbd-4bcf-9d7c-67802bc12201,ed9a7932-162f-4d92-900d-4c391f482978,53.98342724,-0.79586531,54.11291734,-0.92235174,5472,1862,27347,uwnhIx_zCrBoBtHuJo@gB}@aBgC{ByAuAu@eA{FiL_AsAMm@W}ACSI?o@L_Bl@_B|@{@^{AXcIt@kACgD@kDh@}BLi@Pg@`@mBtCq@x@qHbFoBzB[j@iAxCYr@e@n@iAr@oARyBBmBT{@BcAWoAM}@Pm@V[Pb@zAVz@`@hBX`CD`BBnMGlQKpFSnB_@lAaAnBMfAH~Aj@tELtBHnHJdHN|C`@vJR~Hz@nVD`E_@~FItFF|B|A`VP|ETfNb@rSl@|PTxJNdEd@~Gr@pI|@fId@vEd@vGv@~GHbDa@tGE|MJxIX~HP`F@~CYzEyApO}@|H_CxQi@fFi@xIk@tK{AxMa@nFQpEsBzTm@|GOdCDbD`@rFhCvVv@zL`@lDdA|ErB`IrC|Id@jCb@pEb@jDx@hDr@lDf@bE`Kfx@jCtRR~@Zp@nBpBt@jA|@fBdAdDVjCBpAEpASrAHhB^`CFx@AZSb@sCjCUh@CPEKEIYyASyAe@iAc@m@a@]kAeAUOMCc@XgAbBuAxAuErGkE`F{@r@aBlA_C|BqBpC_AbA{@\Qu@iBkF}FwOm@qByAlBmBjCyEzHiA~AyBhBkEnDa@rAQj@Y^w@Ry@BmAI[@M@e@d@k@bB[zAq@bB}DdFm@tA]hAs@tDc@|AUPc@Ba@BgAh@mBvAw@bAqBbDs@lAo@bBc@z@a@b@k@^q@RuBRuC~@mKxDyAdAqAtA{A~Ao@Tq@BgALw@VeCzB_C|B_A`Aw@u@_Ae@eCP{CZ_AP}@\wEdCoIhHeBhA_FdCmHnDmCdBcChAwCjBmGpD}Az@iA^gAVaFdB_Cj@mA`@YBuA?mBKa@Be@N}BlA_DjBsAhAoBxBiGtHi@hA_@hCu@xEeFeLkBgEoCyFoC}D_DqDcB_BiBuAoBiAwEiBqBo@sAYuCg@sFwAuB}@oBeAiFuDeMgMsG}FqByBq@QwAyAaHkGsFaF_OyMo\kZcBkBkCyD{C_GeEsKyBwGOk@_APyCjA_F`BqDx@eEn@eBXm@?sAe@gGsD_Ac@gHgMsAeC[Wa@Gy@HmB\YCWGqAcAqGiFs@y@{@_Bg@gBUa@]YoAc@gJmCQOe@o@a@e@e@?wCvBaAd@o@DeGmBm@e@Wo@M_CEk@S{@aAwAs@g@aAU_H}@}BW}@Ba@Lk@h@a@p@g@l@i@P{RdD_]|FEf@HpMJlUF`BjBtRbAxJaHzFw_@|X}JtH
2dc1c2db-cfbd-4bcf-9d7c-67802bc12201,bf180c01-ee31-4d80-802a-0782b2e3c80a,53.97464075,-1.32081177,53.93416084,-0.93398188,4371,1969,36977,i}lhIpt_GdNYdIQdCBp@@vC[|Q{B|MoBt@MnBk@bEyAbAErAIzBwApI_GlR{LtCgBxBgBbBcB|AaBbBuAzDoBbC{@tA[hEyAjDoA^ANDCm@EgETyN|@}H|@mLl@_JHaEAqI]gFUgEAwDFqKTkOh@wUVkMIaCk@iFWqDQmEKmE^mDZcD?cIKqL?_Fb@cO?yESsC{@cIyBsSu@gGu@{Ew@_Fo@iDmBiJuCqJ{DqMg@cDWiDM_BY_NSaFs@iFyDiTkAwC_C_EyDsG{DiHuE{GoGeJ_BmDsA}Ea@qCe@wFoAaT_@aDeAwFaEiTeAuIw@yHCcD^oMb@qHz@_IFkEBcDn@{F`AuH\iAh@iA`ByBj@g@v@_@zBy@~@k@pAiAlAgA`E_C~CcCZg@f@wCvCiFTq@b@kCjBiJPyBAiAYuAgBmFo@uBQoAEuAByAz@qJl@aJr@iV^}P@oDSgF}A}Pk@kGkCgZKqB?qBViElBeK\qCPaC?mCK{Ao@sF_AwGk@gGg@gGo@aFWoDLsC~@qGNiBDu@A_AAu@IICQBc@RORNl@@HD~FgAjI}AxJiBfSsDhT{D~a@wHjFk@lCM~@m@@QBUNe@RQZEVLNXFT@J~@l@fEUvDS`Ns@~EU|BBlDZtD|@jDvAvBpA`EjDfGjHtGhIzC~DdBvCv@~AX`@f@XNCLDf@kAHg@@eFOmE?eAUqEUqIEwNKgNi@sKc@uEwCoVmBsPqBaUmBq\sAwVs@iKq@_IkAwK{AaL}BsNqFq[yAkLu@yHw@oKe@_Ka@aRAeMX_Rj@wMr@}JfCkZ`Fwk@hEyh@ZyFToHFaHCkGSaKo@}Kw@qIuAeKmCeQ}C}PqEuTkHcZeK{]o@wB_BgEyAkDgCgFqBoDoCeEaC_DoImJiVuW{`@ac@{EgF_F{EiEaDeBeAcD}AkDkA{Cq@eAFiBAqLjAk@VYr@Kd@@n@Qp@i@`Ag@Rq@Ic@_@So@SoBg@sJR{APa@\c@PK\{@Ru@HmA?eCQsEi@uGs@{RIuDBsCTyEh@yEbEwXtAqKt@uI^oGXwIJkLMiLq@}PMeGDoIVkGtDsn@bFgy@~BsY|Eoj@zBqV`AuHp@eEf@^`@HlB[nBQ`ABzErAvGfCzAr@^JlEZhAFxBPr@PdAb@zAZpDf@fEh@pBLn@PzBlAlFLnA?d@KjD}CfBaB`Ao@n@YCgAGkK?iCLaDLmPJmNCy@
2dc1c2db-cfbd-4bcf-9d7c-67802bc12201,66740265-f09d-4c8b-ae11-bcce1326113a,54.00066698,-0.70697739,54.11523666,-1.07328865,7949,2412,35566,}hrhIzgiCbBnNjBhY^xMBrAiAYoIeCs@At@~ElEzWjFp[nA|KRpGMrLwGfkAa@fJDbPXlWPjLT|DpApNlAnT|Apd@PbMGjKP|IbB`QFfEa@~Jg@dKMlHLzGGvEa@vKSdQHbBz@rDzAjFp@hDRrKMz]M|B]fB{ArDAbA`@hD\fDFxER`N\pFXdKv@rUTtHKjE]bG@pDnAbSr@|R^vVbAdZl@dPfBxSvAhOr@jH^pF_@|GGzEDxONvFb@`NKlEeCjWuDhZs@pJq@vMkAfKaAxNqDpa@EnCP|DnChXv@fK^nFh@~ClCvKvCdJdApGfAxInAhF^bCpF`d@fHji@h@`CpBvBbBlCvAxD`@tCB`DWpCn@dFCfAeCbCi@n@IVCPEKEIEO_@aCQw@_AaBcCsB_@ByAtBsDnEwB|CkE`F}C`C_C|BqBpC_AbA{@\_AeDmEiLkBiFm@qByAlBmBjCkBtCwDdGmFlEgBhBc@`BY^w@RyABaAKUDe@d@k@bBs@rCwC`EmBdD}@lDg@rCe@l@eAFgAh@mBvAiBpCsBbDsA~CmAbAgDf@mL`EuBv@yAdAgCrCw@l@q@HeBPmBdAoGlGyAoA{@KcI~@aF~BoFlEyFhEuLbGkDnBiCpA_I|EwFzCyBn@sBv@}EpAuBp@iAFuAI_BAcD|A_DjBsAhAoI~JcArAoAbIUdA|DfIrFhLpAnCcEpHsAfCk@~@sLzKqDjBcInCcCp@qHCsCZoAZc@X_CrCmFnFoDpDoBlDoBzD}EdImBlByBr@mBhAoI|GiN`LsDdDwEvE_AlAsAlCaf@j`AcGdRiEpNu@lC}@vGeBfOc@tFIpL[hE[pAuAxCkGxPeCvHaBnDgAnCoBvIgA`E_@`C_@`Cw@xB}B|Jw@`Cg@l@_C~@wBZiBCu@K}MoDgAWYECLMOOMcAa@mToIc@e@O{@_@mHe@wB]m@yAsAoCgCc@OkAKaCJ[vBa@pDq@zCwBdG}@|Aa@vAa@hDMnDcAdHK~BFbIm@hRwDd`@k@lE{C`D_BjCcAfCsApEiA`Cw@vB[rBc@lI[`CwCrFa@~A}@tWL|Ef@jFQjC}BdJ[jDYnJQvAu@vB]vAs@|NAnMSzE]vAa@r@y@|@{B|FWxAGhCk@lGGvCRpGAbDq@r@oCtCUl@sCvIuCxKeAjAs@tAe@|DBpFXjIYrIs@`G@pCLvCwAQqCg@cBq@gAy@{EwEsCcDwH{H}@w@a@A_A~@_ExFsLvBqA@cA[
2dc1c2db-cfbd-4bcf-9d7c-67802bc12201,37332d8b-e0bc-48c0-ab16-0c472ebce588,53.88866765,-0.98258842,53.9779166,-1.20693571,5751,1377,24606,}i|gI|e_EkF{MyAgEU_Aw@kCcEkKy@}AQQFr@H`BAlBGvAMlAQ|@YdAi@jAsAtB_ClDs@pAyAnDm@dBq@dCe@~BQb@Q\UR]P}@Z{DpBkDnB[V[\sAxBoFhJq@nAq@`B[~@_@zAcFjV{@jEe@nCiBxO}@nIsH~q@wBnR_@`EiAdKa@nDYfBi@hCc@tBSvAYpDwA`XMtEIzDGvA]xC]|CWnCUjCa@dDyBlOi@jEw@vE_@`Da@`G{@jO[nEe@|Du@vGSfCEvBCdDEjAG~@Q~Aq@zDM~@MlAMjBKvCC~EDzBqA^yAt@s@h@yAfBqArC_BlDwBxD}EpIqFnJeLtVu@|A{AhCiAbBkAtA}A~AwAlAeAt@_An@sAn@OVKFkCtA_@ZMRUj@?H?TId@O\STODO?C?YZi@x@Wj@Mj@sA|K{AlLy@zIQf@i@jG}Cv]}BbXk@vHWlEY|FSjHOfKAfKL~KZbK^`Hf@vH\vDj@pGbAlHp@pEZhBnDlSfCvOZvB`A`Ix@lH|@dK`AxNbA~RxAxWZhE|@xK\pD|@bIzAnMbA|HbA~Id@~FZxGJpHD|HB`HL|HXpGv@fLf@fILvBFHBFFp@PrAJ^LVLNNJZDPCVMV[LUF[Fg@?_@Ce@Oq@]k@[OWEgDM]?_@F]LEHMNMDI?MEOQGWCW?O_@}Bw@_Bs@oAuAwBsFcHcIyJ}AgBmBgBsAcAaAo@_CkAaBm@uAa@_B[mAO_BK}BCeMl@kOv@oBLeAd@ELINUPU@SKIIAEuA_@mCLcAHgD`@cBXgJbBeOpCkRlDiJ`BiJdBiSrD{L|BMPg@TCFIHK@IECGg@GEGk@DqDZkKx@wHl@qA@_AEiAKeASkA]aA_@{@e@gAq@eCqBqEiD{DuCqHeFgEmCaFyCsEmC{CaBQAWCKAEBA@]vBMtBMtFO~B{@zFo@jEOnAqAhMkC~Vm@|FOdBWhEKfEEhEA~U@dHCpIC~COlEI|BEpBF~EF|CAjBGfBS~CKpBClBAlDC~AIpAUvBgBtKsB~LuEhXiDzT{DbWoBvMi@bHgAdOpHjHv@t@ZPb@R]bCoApH}AxJ
6579c5b3-a2db-4760-b18e-182e1976d631,5ed409c5-937f-43e8-84fb-4616491c5cb9,53.86073305,-0.87939239,54.09658816,-0.82467986,8427,2418,36333,__wgIzniD{GhC{WlLq@b@[h@w@xDaAfE{B~L}Fl[uJth@}@_@aAKqS|@aBL_aA`Fe`@nB_Jb@E`CQ`ONvPO\cE~AqCdBYv@A~@`@xCB~DAxD[xE_A`Km@lIu@tFmArDiCtFkK|[yQ|l@cCbMeAbFwAfCWVq@@gBkA_SwNiAc@uCc@aB]}BgAeCo@mBBsAJqAMaBe@aBS}Bo@}Bs@e@Di@hA_@j@sBd@w@^S\K{@?q@RiG@aL@kD]gIG{KSwBuDqKaFqMcAmCeAkEWuB?o@eDyA_DcByDmCyCkAsD?sCP{AO{CyAgCyBqBsB}B}AaJ_FwCoCoA[yB@iCg@kBa@kCOeCYwFoAeCcA{@KaBHeHt@e@CsBcAyBk@qDe@eBk@uBS{@QaBq@yAs@{Bg@wPoDuFkAm@QI~@WfCs@dFcCvNkCbLmD`Ns@zDo@pFc@dHyAvS}@tEyBbJa@nC}c@sEwh@sEgAA]SO_@Q_AEwHFiIA{Bg@_HU}@c@]_Bm@[a@w@{F]e@}BFuARuB|@uE~AeAC_CsAcB}@o@KoE@mF@sCp@yEhC}CrCsB|BcEhD_DbBaEnAeHrB{DbAkCnAiAfAsIpHcAj@w@NoCIsDm@iAq@s@s@yCmDcCaDi@e@U?_@j@wA|BmAhAAqC[}CwA{DcBsCqBuBm@yBmOklAi@eEcAkEi@_Cc@iEgAwHuCcJaCiJy@cEa@qEs@{KoCsWQcCCk@o@FaCNsCN{AGqAa@iB_Bu@a@_EaAuC[sBWwFiBcKoC_MqDsKmEeFiCgA[_@HiCfCeBlBa@jAs@lFqAdDq@z@iARqAV[HKm@Qs@Y{@i@mA{FeI_HcRsBgEoFcJ}E_H_CqBwBsAaFaCcG{B{D}CwQ}N}CoC_AmBg@u@kCeB{GyCgDsB{CyCgFcE}GyDyDiAiBWiIsBwAu@k@aA_FyXe@o@oAKmEWgCe@mFgBgFwBgG{DeIoEaLqHwD}B}AWiBEgAQcFqA}IcEgEiBiBg@eEwBkA_AmDuGyEcMmBqDqBeC{Ak@wAw@wBmCkEcGuAmCwAsEsBwFeEaEkE{EyBgCcBqAuLwI{FwF}C{BsFyEoBgCeAuDy@qHuB{IcAeAkDYmB]cBs@iA{@oCwD_FuEyBcBkB{@mDsAmIeBgFmBaE_CyD}CRvDPfFd@rUHpLEbNInBsA|JeCpQXhBxArCPXLnAx@xMt@jH_@QqA}@w@@iAbAiBnCaDdAmANeAQqAw@oEmCuC{BuIiFgCy@}Bc@{AO_@o@QgD\aK\yGViJNe@xDZ
6579c5b3-a2db-4760-b18e-182e1976d631,f0a2971d-9091-42ce-b739-b873c22fe113,54.0928117,-1.1850027,53.77718896,-1.06633674,7078,2772,47059,yociIb_fFRLdFaFfBuElGmF|CoCd@El@Hj@EpPqFvDqBzA_CfAwAdA]v@Gr@GL`An@hHx@jJJrJdE~{@|@rPPrDx@FvALzEh@rN~AfOx@`G_@rBc@~B}@`BaAfC{BrBkC`CiErCeFbIoLrUe\rP{TfE{E`CeBtDgBb^aMlEeBfC}A~FqFxIsLpD}EvCsC`BmAhHaE`p@w\jKqF`NeHhGqDvAuAxJcMt@s@v@UrETzDM`EMjDT~CT~@At@KvBcA~B_ApEJ|ODrBc@xA}@zAeB`BgEtGoZxDiO|DkM`GmLpEsFjEwCvGuC`J}GlKiGpOqLxFgFtGeIdGsHrFyEbI}EbGwExCqDnJ_NdCiDr@iBDq@Pc@ZIb@ZLb@@p@d@dCrGrN|GfNhU~b@pBzB`@C\PVxAVbAr@pAjDjDvLxMtM`OfAbAl@LFCLBHJDTLNxDhCtLfHtThO~KlI|BdApCp@hCPrESrVqBv@W`@UFKJARPl@?tJaBdSsDpi@yJv`@iHdHm@lBm@?I@OF]b@m@\Ab@h@FV@J|@f@v@GrBKtBKvFYjMq@xG@lC\|DfAtGlDtEfErHdJpJbMfD|Fp@Ll@y@NmAOqLm@{TCuOSoMsAcQcDcX}B_TsAqPwFw`A}CsY{@aGsKsp@yBuTmAyVY}RDgLb@eRp@sM`Emf@rC{[l@oH@kATiEPeD`@kNIiBQe@]SSoA\iAh@Et@@`Ae@jA_A\a@Js@d@m@^Ej@LlDsA`A[b@GlAo@vCsB|D_EfEwGtLqW|M_VlEmIzCaGrC_CdBo@lB]~DCrLTdLQ|EY|Bw@~CkBfFcDjEcB|B]pHIxCEtMcAnFg@lEcAzP{F~B[jDD~Cp@bFjBzCx@bGXpDVhD?bADpAUdEmAzHmErCcBjAUrCB~Dd@pDj@xBp@rDlBvEjCbD`C|C~ApE`BpHrCrVvIjF~ApDd@pDFlF_@`Dy@pD{ArGeCtEm@pFA`LElH@`ERhC`@pBr@vDvBf\nT~IvF`FbBjFh@rB?dDYnFiAfDm@vDg@rLoCnImCtGsCxKyFzMyHjUgMxIkFz_@iTjk@q[vNgIfEuAfFo@tSwAtF_@zEDhGnAbCx@h@u@XBVXJh@@Vp@l@lDzAnOpHbI`E`Ae@Vo@ZOb@PV|@Ct@Bt@n@~CbD~GxBpG`AtDVbBCv@]fCOvJWrTF~H`@hKxAnUj@dFtAtDhDxGlJ~PtClEd@pBHjA?~@d@Yx@c@fBeBdCqCdE_DdEyCvD}Bj@O@RRx@Rl@p@tALfAJ\bAK
6579c5b3-a2db-4760-b18e-182e1976d631,3265de3d-0a74-4cb5-bc48-2d3d37c1dd75,53.83683518,-1.10082741,53.81328318,-0.7828864,4578,1868,28138,}ergIlavEIBGC_Ac@BkCAuE@_CNgG?e@MCi@OYCGs@Gi@CaADuAPkEHsMDmABcAViD\wGb@oJh@wLLmHHeRBeNHqINqBF[DUt@}@f@{@b@eAx@gBzBoEX[RMh@I^Ef@]pD{DtBaCVa@Jg@DaAI}Ac@kIc@gGSqBQaBCi@A]ReBVuCJq@p@uDDg@CcB@aDNkBJc@EcAOgC?aA]yBe@{BOcAp@NfBz@`@DZ?PGRQZa@b@u@`BiCr@w@tAcA|@{@h@q@Nc@PaAb@aFhBqIj@_BDQG}@Ge@RM~D{BzCkB~BqAzA{@PElIyEnGkDzFkD|A_AhW{NpGmDrF}CbHaElE}BfPaJuAiKg@eGg@kFcA{HkAyGy@qDa@gC}@uFkJol@eGg`@{BiOiDwSm@}DSyBEcB?}CIsLa@{f@UaVKgDEcAu@uPcAeUWmG_AsQYwCc@mCi@mCkAgFkDwMeBgImFqWo@yCc@yAe@wAcA}CMi@MgAIcNKeOAkCHmDBcDAq@Io@QwAAc@FkKF_C^}H\sGx@kM|@mMdAuNjCs\lGsx@dDw]TaBD{@EkC_@eCCoCEsHFqATcBbAeEJs@FiANkD@iFGwDEyAAgBDm@NaARcAbAqDHmA?iACiCB_CDwCCuAK{FCyB@gCR{ML_GU{Fc@eIc@}GK{@YmAa@mAaLsZ{BcGe@aBoB_Ow@{GuAmJS}@[{@aIsPuHuOm@}A_@kAi@}Ba@}CUoD[}Ja@uNs@qV_C{Zc@}I]eKq@y_@EoDMcGQiGk@qNo@aPw@cQo@eLsB_SeBuPW_DIuCCw@SeEa@gGMqEI}DYoGWoHBgCNqB@q@GmB[yHSkEi@gLE_DA_OA{PCgJEgAW_Ce@mDsAyHeBcJSiA]sCq@kI_AcN[mESeBcBwHe@gCQwBIaBI}@a@{B_@uAyAmEsAwD_@aBi@oCMw@KgBFiGB}BJyDTyHh@iIr@iElAuFj@yCT{AJqABm@@iBCwCIyH@cBBeARiB^{BRaBPmGReEDwBDyAC{@a@sC{@oEe@aEIgAIsD@cFAkBGmCQoBU_CK}CM{EA]CGAIDSDCD@FNbAKpDG|DOxAA~AFtC\vCf@pCh@rA@rAHxD`@|@Nz@Z~@h@l@d@jAjAjFvF~DfEtHdI|CbDtKhL`AfAjBpBh^x_@|IjJlCtC
6579c5b3-a2db-4760-b18e-182e1976d631,2d0b57e3-6d05-49d4-a420-50dbf70acce5,53.96727828,-0.79230752,53.85827583,-1.26102508,5420,2095,39054,eckhIrtxCbA`An@Tp@@h@TpFfEtA`ATFr@VvC|A~DtBtEhCjMtGbAn@F`@A`@s@dDqCdMs@|A{@xAk@tAk@xCBf@l@xAFTB|AFnBf@l@bBrAv@~@nAfAr@f@^n@jApCb@l@f@^v@PnBIrAKRAvAhFvB`IdBvGdC`JjAbDpCxGdEhORt@U^c@h@Lt@l@dGn@vEnClOxBzLtAhJ~DjXbBbPb@`FDvDj@lGdAtIXlE|@rRVtF^bD`BvJbArItB~LnChQxChTvBtO|@bJLrBA^IjDLhE?~BU`GQnL?h@D\BPuAjBcBtCk@pA}AjEo@`Ci@hCaAfHc@zF_@hK_@hKc@|Ey@~FcCvL_B`Lw@tHaCj`@qBb^W~EgAtOu@bHcCrOaA`FeAlEmDrMqApGo@fF_@lF}@tOYhDm@xDgCdKk@hDUzBIbBE~F@hGH~Bp@tFr@dEfAbEjEpMr@lC~@bGb@|E~@xSv@`QDpC?fDGtBQnE]|Di@hEwAjJ_A~IgFdl@wDzc@cE~p@gEpr@w@`NKvHDbFj@jNZlN?xHSpL]dIo@jIq@vG}Gle@WjDIvBCrC\~LXrHPvCl@lG\bFDdCB|BNPRf@t@|@`@XXHhDG`BHhAN`HbBdAXj@d@|DnAvAl@zElCrCvBnDbDnDvDjY~Zze@jh@~FzGhEfGjCpEpDvHbDpInCjJbEhNnCdKpCzK~BnKvCtNbEhUzBxNbAnH~@~Ij@`IJdCPpELrMQjM]tIiAjOiBlTcGtr@iDza@WlEm@hPOfKAfKL~KZbK^`HdAnNj@pGbAlHlAzHnDlSbDnSzBnR|@dK`AxN|Cxk@xAbRzAtNbFlb@d@~FZxGJpHD|HB`HL|HXpGv@fL|Bfa@x@dLxA~N~Dh^vAtLvA|Kr@fE~@hEhBxGbC~GnCfGtB~DjBfCpEbEbGnFv@z@hAbBnBnDdH`MhGtLpHbP`BjFx@`DnAhFdBnIfBpJtAzFf@bBhApC|@nBfEbIbBxDvFxPdCvGxDtHlJjQjChFbAdCr@zB~@vD|@nEpA`G~CrKrBfHl@lCv@jFl@bH~@jM\|GHvE@fQ@jW^bLl@|Iz@`Iz@fGv@bEdAxEx@bDzA|EdAvCxC`HhBlDpB~CfB`CfBnBnIbJ~HrJjCvD~ExHbCjE~DxHvFjMnEhLdApC^d@d@r@j@\XD`@CxC{@dA_@pAa@`FyA\@zDcBxCqArCcBjAaAfCoCjCqC~@k@tB_@p@EpBP~Gl@vDP`Un@|AFtCHz@LjAP
6579c5b3-a2db-4760-b18e-182e1976d631,a9f0829b-fa1a-4692-a9c6-f11be82602d7,53.74292295,-1.17063922,53.82280149,-0.92666679,4445,1404,23371,sp_gIhqaFhJ@V]SgFBWhBeAhBDrDgB~GaFr@_@nIr@B{@PoML}EJiBPqBj@eDXsA^oArAcEp@mCb@eCZsCVuCFgBLcKF}EPcEp@eO\_Id@}KVwDHmBFwB^{Nt@cUb@mFJy@BIHEfAAhAF\CTGFEHQNkBReBV_Bz@mDb@sAaE{E}NeRcKoMaKwMcB{BqA{AgHiHqCqCmDkEoE}GeKoQwCcF{@mAw@w@u@g@}@a@oAU}BWkAU_A]qEyBmBaAw@i@k@q@cC{EqBqDy@gAyBaC_AeAyAkBmDiEu@m@o@YcGsBqBg@iFaAmCu@}A]cAIaEKs@AWFk@?]BQHSLCNCNOZKLQNQDS@QGOMWk@Iu@@w@Lk@HqA@w@D_@YeDwL_wAW{Cq@gI_Do^_CuX}@iKi@mASGQOOk@Cs@@KMwBi@}AuGsRcNia@uCcJm@sBcAyEuAaHwGm]yBiKc@_BeByEiAwBq@gA}@mAmAsA}AqAiBmA_DeB}CeBeAk@_C}@kCs@qBSuBQoAAg@AQNm@RCNELOPSFKAKIg@MUO_@Bc@DkBd@uAd@aBz@_HlEoDbCaAb@a@Pc@ZqAf@}Ab@cBZ_CNu@BMHOBOFYTALCJM^UROBMCMGMOy@o@SUcIaEsDkB{IeEmD{Aq@]AJETS`@KHMBMAKGSYKm@@m@mAq@oCy@{B_@yBOsBAqADwGf@aStAmBTmBb@{Af@wB|@kGrDyElCmAr@{@kGm@sFi@oGs@kGa@{CkAyG{@{DmC{PqByL{Iek@yBgNcAcHoCcQeBsKa@{CGyAGyJU_\U_XSkRyA}\s@gPw@sO[mGYwCc@mCi@mCkAgF}BwIwAcGqBsJgF{V}@sCoA{DQy@Iw@Aw@EmFE{IIyMLgG@y@C{AQuAKeAHeMP{Ed@kIb@aI`A{N~@aN`AsLnCw]xBwXnAwP~BiWnAwMNcADs@EkBGk@[}B?]
70940c3d-8225-4e2c-838c-bbe639a0473c,89651d65-8bcf-4048-a7a5-b56c2c66f5a0,53.88992393,-1.00491742,53.96427012,-0.74836077,9982,2150,24520,yc}gIfobE`@_CNmBHsHE]}DcVcA_GyBwMe@aDKuAYuJO}HK}CUSLY\}Ad@sBjAoD~BoFx@mA~BoDdAmBp@_CViCFiCCgAOgBgA}HkAgHc@sCo@oHuAaNu@_DcCuHe@aBYsBo@}FOqB]JaDrAc@FKMSIq@CyAl@}Ax@q@Xg@Fm@KcBa@cCa@k@_@o@q@eBmCcBcDe@q@oAsAqD_EoD{CsDwCaAa@o@IiDOaCBmBTQCQOG]?a@F_@|@gEXsBJiA?y@CYKUOIQ@e@Z}BfAoDjBkDzA_EdByI|C_DlAm@FyCBsCDQEGGQk@g@{DWaBW_Ae@}CUeA{@kAu@w@UGW?eCHk@Ge@S{B_@_J{@yW_CwBY~@kNz@iLFqB?aFDkAbAaL`B_TdAoKFc@Tk@zAyBtAiBf@a@pAq@`@SZYb@u@^aAtAiF|AiGViAF{@FcEA_BAiDViFAiBOiBa@gEAk@JeCHe@FMPOdBSfBq@fBeAt@g@p@M~AKTK`@k@RcANqAB_ADmBFc@K{@?q@NyBBoCCqDDoF@kD]gIG{KC_AOw@uDqKcBwE}ByFcAmCeAkESqACc@?o@ViET}BXkB`EiVZyBl@sGhAgNRwA\_B\cAj@oAx@oBXeA\mBZkCfAkNPoCH_FFqJEqBQaFHgL]gF{@eKeB{QqBmSs@qF]uDM}@kAgG_CeMgAaQk@oNWsDyGk`@cDmRwAyIg@sC_@gAMUoDqF{Yed@gXub@cBiCJo@|@iHfDyW`Ey[dAkISgDK_@e@uGi@_HMyFEgDM_COkBMu@Os@o@iB[gAY{Ae@}EWeFUaD]qCS}@a@}DQwD[wEQ_CIaC[iKBiNC}FDuC\oFz@iHl@aFF_ExAsVx@wMRkBt@yFJqBCeBKwBQgD]mD}@_FoAaHW{Ae@kC[Zk@n@s@z@cCdCo@l@g@uG}@iMWyCi@yECy@E?IKMi@B_@}@sAa@[{D}Cy@a@aHoBaXwHaFwAkEcBw@g@eAaA{AqBmByCeLiUiCkFe@s@kEyEy@m@sA]eAW]OqAu@kDmD]k@Kc@A]?e@Hs@d@iCJ}BOmCm@qCsA{Dq@_CmA}C}AaDeCkDc@]GQESIw@Am@AeDaA_CW}@_@mBu@cC]kCm@_HKm@IIUMu@Ke@[Wg@[eBgAwGKmA@gFO}@m@eAw@{@_@USKiBu@sB{@aAe@oBoBoAmBiAkCeAmBEKIPWf@i@p@o@j@mA|@iA`@gA\mAp@{BlB}@pAg@pAa@v@QP
70940c3d-8225-4e2c-838c-bbe639a0473c,65f2a6ab-7104-4a5a-a0e4-be70b183bd7e,54.02142066,-1.187455,53.89002114,-0.71647848,7530,2334,40152,m~uhIb|fFa@iIWgAuBaGcFgNwAaDqAyAu@i@cF_CgAcAeBqCk@mBOgAAkAHe@Pg@P]d@e@tDwEnCqDtDaEzBqCdBcCdDcEbAaAtB{D`@gARkAOkDEiHPcKAuAxBO|AUpAw@jBaBzAeBvBqBpC}BlBqBxBmEfEsJfAuBJk@GmAYsALKj@i@vAaCd@oAlDgPrFuUzEiP~@eCvCcGpCmEtAcBbB{AvBwAbGiCjBgAbEiDdHgEvBmAjGuE|GiFfGgFhBmBtCsDpHmJxEkE`HmE|EaDnEeE`DkElEwGzCuDf@_An@}@Ts@AUMi@eKi^sGwTqBmIk@yCiBqPe@cF_@cB[}@OMMq@B]G}BQuDg@}F}C_WwAoKkFs]wAsIa@}AYq@K?]QQk@Cg@NcA[mDoGk]_G}ZsEmWiCmMs@gCGOMe@I?M[Gy@Gm@Cg@oB}IqEaTcFoUaAwFe@qDa@uFa@}LKqDNcDDg@G[@[NSPDnAoH`AeFnBeHjDeJdHeQbJgSb@uB@q@Xm@XGx@aAXS~DaIrG}LtEgJjCqFhFyLfLuXpAgCtAkB`@iAP_DSoK_@{@m@a@[q@Ii@CgAV{Af@y@l@Q`@Jd@d@h@`Af@`@r@HlE]hHkA|H_CxD_BhHwDhG}C|CcAxEy@`COhBAzDN~GnAhGrAxFt@|CNrC?xF[lBWpDu@bFaB~CwAxGeE~HsF~SyObAmArAmAnGuEhCwAb@_@Tk@Fu@R{APa@\c@PK\{@Ru@HmA?eCQsEi@uGUyF]aKIuDBsCTyEh@yEbEwXtAqKt@uI^oGXwIJkLMiLq@}PMeGDoIVkG`BcXjD{k@rD}k@rE{h@|Ewi@|CeUh@wHLkEEyHkA_Xy@wO{@iHg@gCoBkGcD}J_AgE_A{GQcCCyNTiF`@aDfA}ElBgIp@sGnAkT\kDhAiHjBqHnDkNjB}J|BqPxA_S|Des@bBqVlA_K~CwP`AaGb@aEZiFf@_P`@_Hp@{FfAeGnBuGhAiCbBuCxC_EvD}EfEiHlEeKpCqI~AgGtBqKjGqe@vJmw@hFga@hJst@rB_PfCaPpBcK~DaPhMce@vMug@lIy[tAkEGaAPm@PMb@qAhBqJp@uE`AgJ|@cJlAuItAmFpBcFfDmHzAyDxGgSjWyw@xIwVvFiNbVyf@jFsKpFmKjB_D~DeGhB_D`CmF\_AhCoGrD}HvLqWdDiIjBwFvEyMxAwCjBeC`CeDvB{DzB}FpAkExBeKlAoE|AwDxAeCvEiF`EmEdCoDn@kAGUAG@OP}@oB_E
70940c3d-8225-4e2c-838c-bbe639a0473c,f3d27b11-1452-416b-866f-47cec13c5130,53.85452835,-0.99434605,54.08185873,-1.26342557,7397,2397,40430,gnugIjiaEqG{A{Bi@qE{AKAq@NNfAf@nDr@fDbArDv@|FZnE`@tJVVR@s@vAkBtByAtBcBpFk@jE_@jHMxXGhFSlBs@dEcAzCiDbLuBdGqDhGiBtDmAbBeB`BcDtBqDxCmE|CyXfRyMtL_KdJaChCcA~AkCzHoIfY_DvLyF~R{CxIqApDEj@Hj@mAv@wDpBeElAqATqBTeDDmDUqEo@]SgBe@kE}A_D_AuCYiDVcEjAcJ~CoEnAwDb@{OnAeDLqG?yCZuDjA_FtC_EfCqBz@gC^yBH_LPkKOgDIcD\qA^mC~AyAfBqArCwEfJoM`UeLtVqCfFiAbBiDtD}CbCsC~A[^kCtAm@n@UjAYbAc@ZO?gAtAe@vAsA|K{AlLy@zIQf@i@jG}Cv]}BbXcAdOm@hPOfKAfKL~Kz@dTdAnNj@pGbAlH|Fh]bDnSzBnR|@dKdCxb@xAxWxAbRvDd]fC|Sd@~FZxGJpHH~QL|HXpGv@fLf@fIT`CJx@\rBj@r@l@@n@i@Tq@Fg@CeAOq@]k@s@UgDM}@Fc@V[TWEWi@c@eDkBoDuAwBwP}SkEoEuCsB_CkAwDoAmDk@}EOkWpAeERoBLeAd@ELINUPU@SKaBo@qEVkGz@uQdDmf@~Iol@vKu@f@GLUBIKg@Gq@AqDZkKx@wHl@qCCoC_@mC}@cCwAsOqLqHeFiLgHsEmCmDcBc@EKDMAO_@e@u@aAqAwEkFiOyPwIaJkA]m@Aa@Be@_@Qy@?m@KiA_@yAqAmCcLkTiJmQuDuH}A_Dq@gAsBsEu@oASCO@]J{@b@YDkC`D}KxOmCnCcGjEyG`EsF|EcH|IyF|G}FfF_PxLsM|H_DjCwBtAeGjCoBlAcBtA{A`BoBtCeE`Iy@rBiEnNgF|SyExT]dAoA~BoAnAsAt@{@TeAHoPGuDGq@RyAx@kBv@{@HgHc@mE?iCLaCDaBMiAGq@Dq@XmAxAmJnL{ApAmHdE{M~Ge_A~e@iDrBcBtAcDdDgE|FyHfKcBbBiDlCkCvAwFtBqKlD}PlGyC~AeBtA}ExFuQdViTrZeBbCEZWb@UbAAp@^fAJpEO`VqA~e@[dNo@nHYhCa@bBwErK_ChGOpDEvDM|Cc@fDPt@QHKBg@RwD|@sAh@uC`BwBjBmA~BqA~FHfCOpAiAdFQnIUzB]`EMlHm@|FA|FDrEQxCuA~Dk@vBIrAEzFm@zQm@nJeAnHo@zAyAhC{AdEyG|S{@zEm@nGiD~]cAzHsEjZm@nHy@`Fe@nAqA~BwCrEaAxB
70940c3d-8225-4e2c-838c-bbe639a0473c,e13d67d9-357b-465b-9af9-e14cf3b12e9a,53.83378654,-1.148893,54.09650894,-1.13067004,8997,2977,46679,klqgIda`FiCZ}HkAoCq@}GiPuAoA{A}Eq@uIYoEi@_Du@TYvBIjAcDpCcDd@mBvA_@|@y@~FyAbHsA|DoCzGkB~IMtF@nQ_ArA\~H@lDUv@q@b@qC^oBg@g@?F`BPpCBtB?`BE`C|@tHIfLSjA_FrK}ArGa@fFw@dMeBrQaA`TP~@v@lAf@bCBzGDvD_@zCiBxDsClCk@lAo@tCKnFl@bMX~BEnBoCvTU|FXtGWpEEfJAhCYhAeAdCQlBZrHE~HzB?\Vl@bAj@`C`AzGrAxC`AfDyAzAoDToJJ}A~@oC|BOpIQdEWtRXlYR~Lc@vMmAtRY~LD|J]bIwAnh@w@f`@Q~Ic@`Gs@rJK~Ji@nIAbEb@|M?hBCh@w@[kDyAkBi@eEs@mXw@eUyA}AFoBj@kA`AmFzF_FdDkNlGoK`I{CpCo@hB@bC`@nAx@f@|@Of@o@VqAAiBs@qDoDgK_JkUaJ{Q}GiLyIsL_SyT}HqM}FgOcEkP{BiO}AaS]aVEac@kAsR_AkL{@{FeGoTyF}V_C{GoG{L}K}SiLa\yGyM_EwK}DgSyCuMiCiJwJ_TkS}^sGuG_GgFaC}CsBwDsEkKiCeImBoIsDgXoCiU_Eq_@wAiQo@eG_AoDwAwB[MQm@A[_@}Bw@_BeBwC{C_E}OuRaEkDwBqAkDwAuD}@mD[}IPySfAgETgAl@W^k@DSQwAe@mCLkFj@wHtAgNfC_Q~Ckl@rKsQpDo@^SNq@Sy@CaJt@eRnAiCQqCq@}BeAsCqB{QaN{WkPeEgBO?KDUSi@eA_KkLaNmO{EaF}@}@kA]_ABe@Mc@gBk@iEeTca@kPc\eByDc@]_@?_@cA?k@{GqUiI}XoEoQmD{[{@iBOo@AiBa@uIkCyTiG_d@mEiXm@yA]Es@qAcAa@{SvF_eA~Vc`@vJ}ItBcHn@oCKmEoA}EmC}JcI{EsDaDt@y\fNqN`@wEhAmRvFsGz@{AZmCfBcD`CqD\wF`AaJrCsFjAeL~BeAEaCUeG~C{RdL{P~JeEvAqQ`FeOrGmJrEkGrAyIl@kEjC{D|AgHHeGg@iBa@gAo@oB_BAoDCsBKcEUuJ}AuROeJY}GKCwAjAuHjHsHpKwFpFkC|Aq@d@_B|CcC`EcBfAuBr@{E`AcE`@eNVqAoA{@a@uEZkMvAyH~ByAK{@c@uBqBiByAyEhBwAh@qFm@{@dhAGvEY`@wCpCwC`C^hBRhAHrDY`Ls@|HeAnGp@@vCA
70940c3d-8225-4e2c-838c-bbe639a0473c,a0b352ab-d9e4-4c3c-acc3-247696f83ab0,53.85406397,-1.19683106,54.1092651,-1.27620888,7836,2438,43725,mztgIn{hFLlG@dF[nE@xJu@|Bw@nCEtANhDN`EO~BF`BzB?jAzAj@`Cd@bEZvArAxC`AfDu@bA_A`@uKPmBD}A~@oC|BIxCMzH]dFA|Vd@lWC~LeCnc@LhLKtDyAjf@gA~`@U~RiAhNQpJYbI[bFPxHRrKCh@w@[kDyAwDaAyB[uDMw\eAkL}@w@FoBj@yH|H_FdDuItDcH`EqJlHsAbCK`CPlAr@`A~@Jn@c@^_AL{AUuBc@wBmAoDcEgLkD{I_KkTaEkHcJcNkJcLmI_JwCuDkDyFwBoEsCiH_EoNqCuOoBiS]iHQ_KAuSAkQOkGc@yGcAcNy@uHw@_EoCqJkD{LgB}IkCyJmGkMoLsTgEuKaFaOiFyKqC}FuAsDoA{E_CaMeCmLoCsKiF{L{KwTmIeO_EqFeGmFeFcFqB}CkFcLqBuFiCwJuAmHqAwJgDeYgD}ZqAkNc@aIaBwKoA}Ce@i@WEWi@c@eDaEgHwP}SkEoEuCsB_CkAwDoAmDk@}EOkWpAeERoBLeAd@ELINk@RuB{@qEVkGz@uQdDgPxC{j@fKyVtEu@f@SRSMg@Gq@AqDZkKx@wHl@qCCoC_@mC}@cCwAsOqL{UmOsEmCmDcBc@EKDWMESgBgCwEkFiOyPwIaJkA]m@Aa@Be@_@Qy@?m@k@cDuNyXiJmQuDuHoCgFsBsEu@oAc@AyAn@YDkC`D}KxOmCnCcGjEyG`EsF|E}OzR}FfFgHlFwFjEsM|HwG`FeGjCsEbDkEvFeE`Iy@rBiEnNgF|SyExT]dAoA~BoAnAsAt@aC^oPGuDGkClAkBv@{@HgHc@mE?iCLaCDaBM{BAq@XmAxAmJnL{ApAmHdE{M~GmKpFwr@l^mGhEcDdDgE|FyHfKcBbBiDlCkCvAwFtBqKlD}PlGyC~AeBtA}ExFuQdViTrZeBbCEZWb@UbAAp@^fAJpEO`VqA~e@[dNo@nH{@lFwErK_ChGUhJM|Cc@fDPt@QHKBg@RwD|@sAh@uC`BwBjBmA~BqA~FHfCOpAiAdFQnIUzB]`EMlHm@|FA|FDrEQxCuA~Dk@vBIrAEzFm@zQm@nJeAnHo@zAyAhC{AdEyG|S{@zEm@nGiD~]cAzHsEjZm@nHy@`FwBnEwCrEkAlCwBbF{AnCoBlDmBjFw@xBSD_@f@ySzSm^n^g@Zs@Fo@KcCkBoAa@eBGyCTeEt@q@@gQqEwLkDyHiBsFo@eDK_LEiDU
c8902898-4148-459e-b1aa-dc4aeae5c996,84788871-842d-4171-955e-ca5e22eabf63,53.80651684,-1.26749601,53.9763163,-1.17179426,5191,1522,28286,qtkgIpbwF~B_HfG_QnLi\|@_Ch@iA`@k@TUz@c@zBiBdAi@nFqB~As@LUU]a@gAo@aCg@iBWqCMmDa@kFUuEGwB{ARaDh@mEdAsA`@mH|Di@TuDzAeBf@wDj@yATs@Dc@AaAGAPK\QNIBOEQSAKi@RiB^{ElA_HtBqGnBuFvAsDn@uBNkDJgCTkB^aBl@iBr@iAX}Bl@uAVcACaBWiB[g@GkAB}Db@kBNgAVqCp@gJbBcDj@cAVwAv@uDlCg@PkAZiBp@y@^aBhAeAdAeAxA_A`AaBdAqGhB}HbCu@Ti@B{AIgCe@kACwBFgABcDc@eAKkACmEJeSd@_ED}@F_ARgJpCqAXaCRiCH}Ds@eBkBw@cAq@aAYSoAa@i@IyCKcAO{@c@sDgBeE{AmKkC{Cw@gA_@}CsAmC}@gAYeBY{@MuCI}AGaUo@wDQ_Hm@qBQq@DuB^_Aj@kCpCgCnCkA`AsCbByCpA_GhCwBlAgBlAmEjDoBzAs@d@[d@k@bAOj@G|@@~@Fh@Nd@Zd@^R^D\Gj@i@ZgADo@?u@i@oDoCcIsC_IeEkKmD_IuDqHaCmEgCgE}DcG}CeEuEuFwDgEoG}GmA{AkAcBuA{BqAeCmBeEwC{HwA{EaByGyA{Hs@mFcAqJa@oGYwHIsECiF?aE?qUCkFScGmBwW[qCa@kCy@{DiDiLwA}Eu@}CaCoLu@qCkAcDuBiEmFaKiFuJ}AwCuAaDkGyQmAoD{@oBkEmIsBmEyAmEoAmFmD}QqCsLsAsEs@kBiAiCsEsJwCaGqCkFuDsGqDwGeBcCoBoB{G}FoBoBmA}AaBqCkB{DmCmGiBsFcAwD_A}DuAeIeDoX{CeX}AaOk@cGYaEKmBM}BQg@KkAUyB]{B[kAk@yAa@s@Y[C?I?OIMSIo@U_BIg@_@y@}@aBe@u@eBiCkGyHsHeJcBeBqBaBsBsA{@e@eBs@oAc@mBc@mC]kBImDFkMp@aNp@w@FcA`@CFELKPWLUAQMGKuA_@m@BgCN}C\gGdAgHrAgOnCqi@xJeSrD{FfAqB^CHEBQL[LAFKHI?KGCEa@EII}Hn@qKz@_CRiCJwBIsAQ{@SqAc@{@a@}@g@eAu@cF{D{DwC_D{BwHgFqEsCmGsDiFwC]AWGA@EBA@[vBIxAG~AMdFUvBmA`Iq@tFwAdN_C|Ts@vHa@tHGhEA~GAjP@rJErIIvDMbDIfEJxF
c8902898-4148-459e-b1aa-dc4aeae5c996,9c119aaa-5abf-42c0-9200-74e084fb7c0c,53.78435564,-1.22647671,53.87346905,-1.19049843,4656,1411,19642,kchgIrgoFgExAXtCZjDqDtAg@PcDr@aDXaDLiGM{ASwCMmBEk@MSUSc@Me@Gs@P_GAk@U{@]\]Ra@JmAFyENu@~@Gh@FxACd@RzBHhAHnAPtDJr@Nv@JJHZBd@C\Q`@]DQKIW}@m@yAMaCKkA?i@Fe@D_AR_Bh@eBfA}@t@}AfBwA~Bo@nA}@bCe@`Bu@lD[xBe@rE_AvKgBdPwAvJaBbJq@bDyAvGw@vCiBvG]zADDFRBb@APK\QNIBOEQSAKi@RiB^{ElA_HtB_DbAqBj@uFvAsDn@_@DaGTcAFcALkB^kE`BgEfAuAVcACaBWiB[g@GkABs@HiCXkBNgAVqCp@kAV{GjAcDj@cAVwAv@uDlCg@PkAZiBp@y@^aBhAeAdAeAxA_A`Am@b@s@`@qGhB}HbCu@Ti@Bu@Ae@GgCe@kACwBFgABcDc@eAKkACmEJaLXcFJ_ED}@F_ARgJpCqAXaCRiCHiBYsAYy@w@k@s@w@cAq@aAYSQK}@Ui@IyCKcAOeCoAiB{@eE{AiPcEgA_@}CsAmC}@gAYeBY{@MuCI}AGaUo@wDQ_Hm@qBQq@D_@BuAZ_Aj@kCpCgCnCkA`AsCbByCpA_GhCwBlAgBlAmEjDoBzAs@d@s@Vk@J[CSC_@MwAq@_Aa@c@Ko@CaCL}CHqDE{ACgBIeKy@uAaGy@oEc@aBuAcDaCgEmCwEgAsAWW[Q}Aq@]We@g@k@aAe@cAv@}ATk@^k@l@i@pC{Bh@u@^iATgAD}@CwAYeHCgBD}ANgBd@aCb@eBfAiFzBcOXeC?sAKmAU}@a@}@I_@C_@fAaHTqBHu@V{Al@eE\wA~A}Fh@cB^wAf@qDnAgJxAiHh@wAvC{FfA}BR_AVeD`@qA\i@VUd@Qv@W^Y^]h@w@fAmBdAkB`@e@n@e@vAw@~@[z@Ib@IZ@XLPPt@dAp@|@r@j@xAf@Z?V?LITUL]h@uBd@uA\a@\c@Zk@Vs@RaAJy@Bs@I{D@}@JeCB}@AgDAyEDmA^iD\kBr@gCj@iBf@_Cf@oCZkBRo@f@iB\kBf@wDDcB?qAIi@Wg@o@_ASi@W_BAgADy@d@oDVuAVm@b@_A\u@b@mA`@iBZ_CFiAA}@IsB?}@DeAL}ANeA^yAh@qAf@S\[TWv@aBlAaDdAiCRe@Li@XsAlCcUR}AHQDILIbA_@PSJQJg@?e@m@oEYeDEm@]yAMmAa@eHMu@w@CaFHiAHo@GqLaCoAYUKo@m@QYi@a@i@Wo@Kq@Eo@B{@P{@X
c8902898-4148-459e-b1aa-dc4aeae5c996,df9f2d92-4f60-429b-9a88-002769e8fc22,53.87647227,-1.18786147,53.92195326,-1.07022922,5007,862,15128,mwygIb`gF|@hAh@Zj@Vz@JlBDpAH~@Hx@@fAWfA[p@Il@?z@L`@L~@n@_@kQI_DOqBcB}NYyBc@wC_@gB]sAm@gBe@iAi@{@QQ[MsAS[SU_@_F|AkEnA}@Ry@HaADqAIkASiA_@q@]yAaAuA_AiAaAeEiF[i@Y`@wAjByA~BkBhBeA|@wA`Aw@ZUBo@Bu@MuC}@}CkAcBa@o@YYMg@IsEQsBKs@@uAXoDvAu@^i@Zo@f@a@XeAlAmAtAuDnCsAdAu@^{CfAi@z@Un@Uz@QbAIr@KhAK^Od@W`@s@bAu@l@aBzAc@\m@ZgA^eB^u@Ji@@qBM}DFc@B[HoB|@oAj@}A`@cBh@sAj@gAp@wAhAi@XqAd@k@gIWiBO}@a@sASa@IIs@aA}@i@y@Qc@CkAD@}@C{@Ie@O]QQ]Ic@Ja@l@}ApDaCrFg@tAIp@Bf@Rz@f@vATx@bB}BFm@?]Gk@]y@IUIs@qCkFuDsGqDwGeBcCoBoB{G}FoBoBmA}Aq@cAo@mAkB{DmCmGiBsFcAwD_A}Di@uCk@oDwAmLqC}UuDk]k@cGYaEe@yIs@oM}@wNu@yKSoEGwCEyDAoGAeGEaGMmEU}Dg@iG}@sHwAwL_BgNaAkJu@wI]yEs@iLcB_\eAsPYyD_AaK}AqM[_C{AwJaGk]uAqJ_AeIy@oJq@aL[wIOiGIsJ@qDBuFJeHV_ITeFn@_KvBgW~C}]vAaQDg@Cc@?Y`@cHd@iNAoBEm@Ke@KAKES[Ii@@m@Lc@VUTAPJBBf@Ij@U|@k@b@c@\a@Js@N[TQPEVBRNJPJTFv@Ah@Id@Jz@PhCBxAAtAOzEBlBL|BVrB`@hBr@jB
c8902898-4148-459e-b1aa-dc4aeae5c996,09b43ae7-2f67-4a17-a6d0-a8d565dd6c13,53.75372884,-0.86731969,54.04101675,-1.0375483,7476,2666,41539,sxagIzlgDqBCyJyC}EoAoN}@mUwAgG?oTJuF@sI`@wCNsAVyGdCkCvA}CbAwBt@uAhBgFpK}Qt`@}S`d@s@jA{@t@iIrDiDrDoE|CkFzE}DzF{FdHiAfBmCnRo@bAiD^}E~AgBhAw@nAo@d@_F^{HXkHp@wSjEuWtFsDdBiARcA[iEsBaBYyDKsBPaFjAeJ|By@r@iAbCiDnHsCzKoBdHiAtCcF`KsB`B{BxBeD~AiDrAcBxAqCtDcAt@yA\eFVuCbAmCzAiAlAiAdCqAlBwCtCkE~CmGfDiCzBcHbDqC_@aQsDuRiE_AP}@t@}ApAs@Pk@GaBaBwDwEWeAi@cCc@g@iJeD{B][@w@p@eDnEsAhB_BzDeAbEiAfFa@r@km@ln@aMsLeJyU}GiQw@sCyEgVuEmVe@}@s]eb@wDmEcLmS{A}A}@_@aAKqS|@aBL_aA`Fe`@nB_Jb@E`CQ`ONnL?fCO\cE~AqCdBYv@A~@`@xCB~DAxD[xE_A`Km@lIu@tFmArDiCtFkK|[cIxWuGbTcCbMeAbFwAfCWVq@@uKsHqIoGiAc@uCc@aB]}BgAeCo@mBBsAJqAMaBe@aBS}Bo@}Bs@e@Di@hA_@j@sBd@w@^[`AY~FSbAa@j@uBVgBt@gBdAgBp@eBRY\Id@IpD`@fEPrEWhFClM_@dC}AhGuAhFcAvBoC~A}BjC{AxB]nAgDn`@iAlN?`FcAzOaCn^kBhOqAvDgHjNaE|JeG`NeCnLkChPmD~IsQp`@sD|HmBbD}FfJ{Ztf@}KnQqFbJ}A|Eo@r@mCz@}CToDxAqFrFcNjMMxAvAzIFhAMx@mFvKeA~AgDlDeFrHgBzBDdCRnCRf@TjATlKIrAM^i@t@k@Lw@SwA{B}@m@gAAeF|AgFnCs@d@cA^sSlOsKnHeGzCuE`BsHvAmG^mHMuHcA{FsA_F}@mCQwGHaEl@cD`A_TjK{I|CsHzA_Jt@a@d@o@fCOxAVnKZlBU~@mBb@}AvBeAvB_Rdc@gF~KcMdVkClFq@fBk@pADP@l@Qf@e@Pu@v@sEbJeOr^sDnKsAbGoAhHShB@z@OLQIEw@cA_Ac@OkFo@eCo@MKqCcAkEaA_@AEXMBGUIWuIwD}EaDeHwGeTwQuPqM}AkAeCw@iHiAwCw@yA{@_CgBkH}EiE}DiCwCaBsBEBCE_Ax@s@LqDMyCo@uGiDkCeA{Du@cHiAcCTqF`AcBVUGk@wAaEgEc@E}BZo@gCqAkHG_@uA^qCPe@GsAWRrANx@TJ`@NDVAfCCL
c8902898-4148-459e-b1aa-dc4aeae5c996,2dc7c4c8-8f53-47fb-a887-0fac033ca322,54.07092459,-1.29359002,53.97842289,-0.88487906,11412,2638,39361,i}~hIp|zFv@xBhBuCWg@a@@m@a@kEqGm@wAw@eDoBoKiBgIg@oCo@_FOaDa@eHeAkDo@cB_@uBo@oE_G_MoFqKcVaeAQgBa@oOg@kSYuDwCgEtEge@n@}EjAyEbHkTbCuEn@kBnAyJ`@cIj@oRDqEVgB~@gCt@}CLsCIsGHgEl@}FJqH^qDTgHPaDjAcFFeAGeCn@cDpAsDjAkAzCwBpEeBhCo@`CgAzHmErBy@lCi@~Cc@hCu@fCs@|DWnB]`F{A`Iu@pLgDrD{ArAqAza@qr@lc@at@rWwb@bP_XzBgDvBuA`SiKbPsIrC}AzBs@~BS`DO~Ae@jJoLpHsIjGgIjCgDnA}CRkACgAQkHJeKD}CAWbAGrC]|DyCzAeBvBqB~FoFxBmEpB_F|CiGHcBEUYsALKj@i@n@{@`AuBzAsGxEmTxDiO|DkMx@oBfE}HnBoCxDmDvFqCrCqA|C_CbE}ChGiDrFyDlFmExI}GrEeF|GyIlFyF~FeEfEeCbGwE~G_JhFqHlAwAd@{@PUh@gAHw@aFmQ{GkUiDgLqBmIkAkHoBcSu@_DMGSk@@oAYoGwBeSiEe\_Hic@a@}Ae@q@]QQk@@oAH[McBwBsM{Jgh@{CmQsC}NwAgHs@gCUu@OGKaAOaBeMal@_C}Kq@qEo@oGYaGWkORoBGWF{@PC^}AbDmPrDoKxD{JtOq^ZuA?YJs@XWNAx@aAlBcDjHiNtL_VrToh@tCkE`@gDMaLMs@s@q@k@aAMoAHwA^gAj@e@h@Af@\Zl@p@|@h@NvBEzEi@~J{BvHyCdNiHdDsAlD{@rFi@jE@tEf@rPhDpGb@|FG|Fk@jHeBbEaBlDkBzJ{GjRiNhDiCbAmAnEwD|GcEb@_@Tk@L_Bk@_D_BuCc@aBwCgQ}HaUmF{JqFqK_NwTyB_FsAoEy@uA_BwA{@eAeAsBoCmJiBsJsDwOg@{CyAyOw@eGsAgGcDoIcD}FwG_L}EaKcIoQeJeW{HsRsB{DmEaGyGaGcCkCwCwE{BcFsBkGoBcGkCmJkDoUcDaPw@eHeAgO_B{VmBgZqEkw@E}TUkJ@mBPq@j@o@dB{AZe@?kAm@mFNmAFg@d@_@fB_Cl@kAJYA}@NsBEu@[iAq@_CAeAb@oCdBiGp@u@pFkDx@y@Z_AV{BToCRu@x@w@jAk@pAwAbBkC~@sBjAwEzAiEfByBnA}BvD}IpCcEt@wAf@mBj@kIAoAe@uDh@yCpBgI|CwHrBeEnHiIc@_E
9618b76f-1ee8-462e-8c90-016521abc530,a2ede035-d789-4695-9149-434be706cf93,53.84594224,-0.92808759,54.14110063,-1.08151914,9842,3179,47785,uqsgI|psDuDcC}EuAiBw@_AKcJHwCOe@dJQjDKa@{BuHo[}ZkMwLmAwB}Rgh@yLqn@i@{A_ReUeO{PoI_OwDeGe@a@_Ci@cT~@}i@rCwp@hDiR`AWRQzN?nINxHKt@g@d@qE|AqA|@i@x@Ez@f@zFIvJeA|LcBbRaAlDyB|EuIbWoInXmH|UaD`NoAhHoAvCm@v@k@HkIwFgJ}GyAcAyBe@wEeA}D{AkGHuCu@kC]{EuA_@Zc@rAiA^kBj@_@t@OlE]~B{@~@qCXkBnAuB`A}B\a@XKb@MfDR~B`@vFU~F@bJSvEqAfFcD~KsFjEeDrFsFvo@AhEi@|KeCx^iBlQs@lD}DhIaIlQeG`N}ArFcD|RsB|H}Pr_@iIhQcIjMyWlb@_Vr_@mBxFu@lAsBz@qCT}DjAkExDsGlGkGxF]lAtArJ@~B}EdKeFpGiE`GwB~Ci@j@B|ADdDXb@\rALhEJ`GQp@i@`Ag@Rq@IwAmB}@{@mAOeEjAqExBuCfBoGhEqF`E_NnJyGzDoFtBmH`B{Gj@_G?{I}@oFmAqJaByGAuEd@eDz@ySdKkGdCyKfCqJx@c@\k@lAYfCLzIb@lDObAcBf@yAzAqAfCgLtXuJjTiNdX_E`Iq@~BGxAg@Xu@n@eA`BaRjc@mE|LyA|F}BtMF~@_@HWhFn@pRrAhM`In_@lFxV`AzC^x@Dz@lJtg@`Ql_Ar@dBT@`@r@KrBk@Xo@}@_Aw@m@CkJhCeWnGucAzVo\jIyEl@gE?sCg@uHwDkQuNsA?qNxFaOhGoA\sKRiDh@qWlH_Gr@kBt@aFzDwAZ{Hz@cOlEwN|CkABsCYuA^ui@p[yNrEmLdDuDdB_NtGuFrBgMdAmBx@_EdCyAh@uFTiFWcDe@uAc@oC{BKsKm@oRgA{KKmE]kNK?{@f@{DzDmCdCaGpIkB|BoFzEoDfCoD|GeAfAuBz@gD`AyDh@uPn@u@OoAoAkA[qQfBgIbC{AHyC{AsCyCyAPwExBaBCeHo@aKj@oLECo\OoB_@Yw@Gy@\qAnAq@AgM}GcJ}DsA@mKvMoNlSy@RsA_CeBqBgBiAsDuAgAAu@lAs@rE{@`CcCbAyIdAeCwA}BcA[Fq@~@aGpGu@MoCgHmKyKuCwAeJmCmGeBmCcBiDk@cF?yDs@uBq@sCUcFpA{D|@e@EgAm@kBa@qAZoBNoB[a@Vm@tBmB`E{@AoEmCkDsAi@y@gAcHi@kGWyG_@_AhFqWNqIVqBnAcE?{Ej@kKhAyNb@}BX}@bBiDhBmG\_A
9618b76f-1ee8-462e-8c90-016521abc530,7fa5676d-1a06-4605-9ba5-36148e4cba15,53.86372502,-1.27375348,53.92963218,-0.82259706,4308,1746,36654,khwgI`{wFOI[_Aw@mCiB{BaAe@}@Sc@Ei@H_Bd@e@HIkCG}AE_@IQMEw@AeDJUoJM{@Ag@Jo@f@{AlAeEJwCEmAgAoHoAeKi@yHgCnCkA`AsCbByCpA_GhCwBlAeLtIs@d@[d@k@bAUfACbAJfANd@Zd@^R^D\GVS`@u@RwA?u@K{@]sBk@eB}D_LwD{JgD_IsD}HqEoIgCgE}DcG}CeEuEuFwJoK}CqDaD_FsCyFuBcFyBuGeBqGyAaHu@sEiAeJq@{H_@cHSsJCyH?aV?aEK}G[sFy@yK_AmKs@oEg@wBsAuEmDqLu@}Cy@_EgBkIu@cC_BuD}F{K_FeJwB}DkAgCgBsEmB{FiCuHeAuCeCcFsDiHgAqC}AqFsDmR{CuMy@iDcB{EuCmG_G{LmBwD{CoF{DaHsAcCeBcCoBoBwCiCcCsBoBoB_CaDgBkDkBcEqBcFmAwDcAwDiBsIuAwJqA}KsCgV{AiN_BcP}AaXq@yL_AaNk@oKMqICuOEaGMmEo@yJc@iEcDcX}B_TsAqPs@iLcB_\eAsPYyD_AaK}AqM{@aG{DwUaCiNuAqJ_AeIy@oJq@aL[wIOiGIsJDgLJeHV_Ip@sM`Emf@|Fkq@`Dsa@X}GJoFD_GEgHY_Ko@gKo@}GuBiO_CcO{D_TgBsIgCeLyC}LgCqJ}HwWEYkBmFmAyCqEkJkDyF{B_DiEgFeJ}Jk^i`@qU{VwFeGsDiDsB}AgBiAiCsA}B_AiBm@yBi@k@Kg@Fm@AwBB}J`Ac@JWJKN_@nA@n@Kb@M^Yf@OLk@L[E[M]i@Kk@UgDa@kG@s@XwATe@XUNGh@eBHs@BiAEuCC}A[uD[{Du@sTCcEFmBTyD|@eHpEwZz@kHp@eIb@yIRgJBqKO_Ku@iRGuEHuHZcHvDin@hFwz@hDga@jDy`@dC}Wt@yFhAuH^mDZ}FH{EKcIaBe^UyEY{Cy@sFc@oBmE{MoAiEu@yDy@oGMiCC}DB{HJ_CPuB`@oCxBcJf@yBT{AXgC~@oOb@eHn@qFr@{DbAiEhBwGdA_EdAcFbAoF~@gGjAmJt@eJ\gGrBy^lC{c@n@gHtAoKrC{Nz@oFb@uE\sHb@gN`@sFz@cHfAsF~@_Dl@aB`BkDrCcEbByBnEaGbAeB~BsEbB}DhBaFzBkH`ByGr@mDv@yExBoPlJuu@pCyTtByOlIsp@~CeWlBqN
9618b76f-1ee8-462e-8c90-016521abc530,e38a9533-4efb-4ab3-9e0b-bb3ec607db3f,54.117487,-1.15533136,53.89849855,-1.2299971,7814,2215,37215,{ciiIhz`FTbE@pCOxDAhLG`AU|@}@pBa@\mA?yFiAaFoAo@q@gBcCaBc@uBQwAh@y@^g@B@pCh@tZxAze@l@dSc@~Qb@jd@FvBZDh@Hl@RPrCCt@C|AHtAXpCJlFBX^jAhAdCf@fAzDBxAA?e@Bc@R]fD]b@eNfEHjDb@jCz@OlAvACjC\|@ZrBhAlCnDvBvCjC~CjCbBbFfCxDtCfBpAdA\|Eh@bEX~Ip@dN`An@Pl@d@p@\VIVTjAHxKoCfFiArEa@fGMjNLxOh@fi@vCbDR|BEnC]jFkArF}@vDOpJp@~S~BtEb@|GZjCBlCSdCe@dCy@jBeAxBiBlB}BnBaDfDoGjIyLhTsZtQeV|EyFdBuAxC_B|PmGpKmDvFuBjCwAhDmCbBcBzC{D|CkEfE}FbDeDbBuAhDsBvr@m^lKqFzM_HlHeEzAqAlJoLlAyAp@Yp@EhAF`BL`CEhCMlE?fF`@~@@z@IjBw@xAy@p@Sd@CnCJnPFdAIz@UrAu@nAoAnA_C\eAxEyTfF}ShEoNx@sBdEaInBuCzAaBbBuAnBmAdGkCvBuA~CkCfI{EjCaBvFkEfHmF|FgFxF}GbH}IrBqB~BkBxGaEbGkElCoCpD_FjFyHjCaDDUp@eANo@Bm@Ri@TKTDNPN`@@r@FLP`B`CtFfCrFvGxMjTta@nAzBTP|@|@NFPA^NRZJv@?j@d@z@tAfBjAjA~DfEnE`FbNrObClCr@ZLML@JJDRj@z@vNjIdJ~FbIvFdNhKxBhAlCv@pCXbEIbUkBjCSHO`@UHKHCRNl@@HD~FgAjI}AxJiBfSsDhT{D~a@wHjFk@lCM~@m@@QBUNe@RQZEVLNXFT@J~@l@fEUvDS`Ns@~EU|BBlDZtD|@jDvAvBpA`EjDfGjHpLhOdBvCpA`Cf@XNC\XHXPTf@\tEPl@\Vh@Lv@AfAUrAcAhAi@x@Oz@F`ELtDRlCvAtObE~^pDnZjBrKfBbH~BbHnClGpB`ErB~CpDlDrGzFhCvC`C`EpGfLnGxLpH|OlBlF|@pD~C|M`EzS`AdDnB|ExEdJfB~DdFdOlCxHzCjGnJlQrF`Lr@tBrB~IpAjGhCbJ|BxH~@tDz@`Ff@bFhBxWLfFB`N?|R?hDJbBLrCTxCbAhG|AvEf@xATbBB~AGhAq@zBqB~C_@fAOlASH[?IqJBiPGwFCqFM_SAs@u@?}HOiABSIyBwDs@uBa@g@QCwAVyF\a@F}BrAWF}A?y@?g@T[TQy@]wA
9618b76f-1ee8-462e-8c90-016521abc530,0abc49be-37bd-4ab4-8f22-c1195a540e44,54.01788949,-1.12259281,53.99534111,-0.80967603,5801,1775,28715,czuhI|}yE@{@k@sMk@uLQBwAXcAH[AiDcAwDmA]QlAcJhHgh@dF}^~CaUDe@ZBzAEbBQbBW~AY|F{AbOwD~O_Ezt@uQbOiD~NgE~Bo@Z?b@DLBPMVODQBIIcAE{@_BeJ{G}]yAuH}CuQsCiOwCsNQWKUIUICKa@@]GWI{@ASg@wBwAwGiHy\iCyL{@iFi@}E]iF[aLGyDNyBF[GIC[D_@NIH@BBFa@z@eFZcBjAuFj@qBzAoEbFwMpIaS|C_Hn@qABU`@qAAYDs@LYJI\At@gATOf@aAjCmFlBqDxGeMhEaJxAkDhHcPlImSlA{BpAcBNa@Jm@Hk@DmBMmIIeAO]KOSIQOY]WwA?iA^yAR[VUTGT?d@R^j@Vf@TVRPRFXBv@ApEc@bC[fEaAdEoAlBu@hGuCjFuCvCyAbAa@|C}@tB_@dCW~BGrABzAF`BN`Cb@vD|@|FhAtBX`DT~BB`CC`CKpBShCa@bEeAtDuAdDaBfBeAxGuE|MqJfK_Ib@s@l@k@rAiAlCqBvD}Bx@c@Ze@Pm@@s@BUIi@S_BcBwCe@{A_AoGkAuGe@qBWy@kEyLuBkFqAaC}CqF_C}EcIkN}DcG_AeB{@kB{@iCe@eBw@_Bg@i@{@s@}@aA_AcB_AeCk@oBo@gCw@}D}A{HiBuHq@{COgA]qCm@}Gi@uFWkBcAeFkAcEyAqDs@yAyByDgEaHwDgHeIcQwBaF{IoVeHoQiAiC{@{AoAsBqBoCkDgDsEaEs@w@yBaDaB_DyB}FqD{KcA}Cq@kC}@}EuB{NeAqG_BwGa@cDs@eH_@iFcAcP_@uFyBo]uAeTwBk`@QaF@yKAsHIcCK_C@}@Nu@h@o@`A{@r@q@NUD[Ak@SoAQmAIgA?a@Js@J{@@kAEuAMsASaA]kAy@mBs@oAo@}@qAkA_@k@Ww@QiAgHki@qFad@_@cCoAiF]kBi@mF_@{Ce@uBwCeJmCwKi@_DOaBOmCYyE]mDaAaJmAgMQ}DDoC`CyWd@cFHsAN_Ep@yHjAgKp@wMVaEZoDtDiZdCkWFeABgCEyC]gIOwFEwF?aHBcDBw@Z}DB_BCoA[aDYuBYuDa@qFu@wGy@gIm@qI[oFQuH[}Kg@gM_@wVUiJ]sG{@iMSyDAqDHyBRiCJuB?uAUuHg@aNOqFK}E
9618b76f-1ee8-462e-8c90-016521abc530,382154aa-1f26-447e-bc8b-7cf2cf7e02d3,53.89281708,-0.76035222,53.90363961,-1.05878265,3672,1678,28314,a~|gIzqrCiGPgCEiBWqC{@eCgAqCeBmB}Ao@_@k@We@U]YWc@Uo@YkAS}@Yy@i@{@Q[mAtBcBlCkAfBsAtB_A`BsBrDiBpD}DdIwHxOuKxTwChGuBhFuD`KwCnIaJjXeCnHuFdQoF|PmBxFaCpGcBvD_D`Hk@bBcAvDa@pBg@hD_AzIy@pIy@pGm@rDq@jD{@pDVFNRFZ@^E^KTMJSBQIMSa@bAeExO{GtW{GpWqEnPwLrc@{AvG}@pEoBpKkA`ImAfJkBbOiJrt@}@hHu@rF}CjV{Ijs@kChSm@zDy@vE{@xDw@`DuAtEcB`FcBbEiB`EkBhD{A~BuCtDa@f@yC~DcBtCk@pA]v@_ArCo@`Ci@hC]zBc@jDc@zF_@hK_@hKc@|EOlAi@pDcCvLs@nEk@pEa@lDUfCu@nLkAzRqBb^W~E[nFk@dHQhBc@xDyAvJi@zCaA`FeAlEmDrMg@zBi@tCo@fF_@lF}@tOYhDm@xDgCdKk@hDUzBIbBE~F@hGH~Bp@tFr@dEfAbEjEpMr@lCXzAd@fDb@|E~@xSv@`QDpC?fDGtBQnE]|Di@hEq@dEe@dD_A~IgFdl@{BlW{@lKcE~p@gEpr@c@lHSrDCvAG~EDbFHpC`@xINbFJhG?xHIpGI~C]dIo@jIq@vG{@dG}BtOeA`H]nCWjDIvBCrCHtDRhGXrHPvC\zDH~@DPHv@RjDDdCB|BNPRf@DNn@l@`@XXHbBGdA?`BHhANxAXfEhAdAXj@d@zBn@`A^vAl@|Av@|BtArCvBnDbDnDvDjY~Zze@jh@xCfDdBrB~BbDhAbBjCpEpDvH~A~DbApCl@vB`BrFbEhNnCdKpCzK~BnKvCtNbEhUzBxNbAnH~@~Ij@`IJdCPpEL`@DdAJnEDzDBlIExFHx@H^R^LXH?H@RJBDFCJAd@KlCmAp@UPBrAo@~@o@dAu@vAmA|A_BjAuAhAcBzAiCt@}A`J{RbAyBpFoJ|EqIvByD~AmDpAsCxAgBr@i@xAu@pA_@lAStAIbA?bBHrDJfCB`A?Jh@TjAZtA^hA`@tARpALlAhBzUXhD?FH?Z?^H`Bd@xClAbA\v@b@fDxB
a0adf3a2-637b-4d8e-a532-d4d9c7fa6f68,99d8c3eb-56b6-497a-9895-8fc491b2b150,53.9344362,-1.07497972,53.87246516,-1.13460849,4967,1188,14680,mdehI~wpE}@iD}AbAk@b@c@Ru@ZeAZOCGKm@iErBcB|AcAlBkAzBkAnBa@zCm@jDs@pAYRCn@BpAR~Bf@jA\`@Ff@CNA`@Md@]~BiCzDuE~@eAj@g@h@g@DWtDcDLOf@_AHk@R]TIRBHFBBf@Ij@UTOf@[b@c@\a@Js@N[TQPEL?RHTZPp@@p@Gf@M^QVSFM@G?q@x@]n@Sl@Mr@o@~FwAtKk@|Ek@lGSn@iAtMsFbo@c@rFc@nGO|CWzGQ`HE~DC~GBnITnL^rJ^bG^fFn@|GPvBRpA`BlLbA~FrE|WfAhH\`C~A`NhAfMDf@LZd@fEFd@XxARb@V^ZT\J^@\Gf@_@f@{@Pw@Du@Bq@Cs@[}A_@s@YYm@U_@?k@JeBf@cJpC{@L_AB}@Iw@M[KaAq@[YgAqA_@i@ASwAiBKDu@QQQEIMa@A]hBcJfDgQZmBRwBDuABmENeEVoDb@cDX_Br@qCpAuDfA_C|@yAn@w@nAoAr@m@xAm@dEeB~@c@v@[~GwBHr@HTHRl@z@pIlLbEpFtE|FrALtCNnGZnKn@jDRbANfBlAfE`DbJbHnMvJZP|AjAbAbA|EjFnEvEzGjHhBnBXT~DhCl@j@j@l@jAhA`BjBvGlHzA~A`BzBjFbHlCdDjB~BfA|AlB_DrAsBRSRIZCJM^o@jCsE~@eBNSNGT@NJb@r@b@~@`@z@V^f@x@j@`An@xAtBvElBdEfBpD`@`@f@Tf@@d@Ij@c@RUrA{Aj@g@j@Y~@Ot@BrAR^BbA@vFEdE?rDDzCXdB^xCjAvAp@`D|A|@d@xBz@j@Xb@\t@n@`BxBt@l@~BzAfEnC`BbA~Az@jAd@SnFMjBOfAk@pBe@|Aa@f@
a0adf3a2-637b-4d8e-a532-d4d9c7fa6f68,9d02d791-aa4b-464f-96e1-fc33a4da8135,54.03183234,-1.02991871,53.90844305,-1.0786425,4287,1240,19998,mbxhIvhhEoAUI@IJbAxC|@fCl@zB^tBd@rEN`APn@\z@fA`CRf@jBjDz@tAf@z@hAxBnDhIF@?L`BrBhCvCnBvBxAdArBhAvDrC~BfBxAz@vCv@|@PjAL~Ch@bBd@`@P|AjAzEnDxI`HrNvLpD~CvCdClCpC~AnA~@l@|@b@~GpCt@d@JH?CDCFAFDBHT?nE~@rBn@b@V@EBCD@BF?FtBn@LB~AXjCTb@N^Vb@f@FOFCPDnAoH`AeFh@{BdAiDjDeJzB{FhDiI`DmH`EyIF_@\gAAM?Y@WH[NQXGF@p@cAXS~DaIrG}LbDsGp@sAjCqFh@{A~D}IhI{R|AyD`@_An@gAtAkBNWPq@Ba@BOBIBy@@i@KwGC_BCWI[U_@]QOOQUI[Ii@Ce@?a@Hu@Le@Pa@TWTMVCP@NHVRLPLZZd@TVPHVDZBzAIpBShBU~Du@~DeA|By@xD_BhHwDzDqBlAk@vAg@dA[fB_@pBY`COhBA`BBxAJzBZbDr@hGrAdC`@rBR|CNrC?hBGnCSlBWpDu@xBo@hBq@~CwAfBcApDaC~HsFtNoKhDiCpByAfDuBdCmA~Ao@hBm@rBe@rCc@bAKzCOzD@vBLtC^nCh@zBn@`A^vAl@|Av@|BtArCvBnDbDnDvDjY~ZlRtSlRtSxCfDdBrB~BbDhAbBjCpEpDvH~A~DbApCl@vB`BrFbEhNnCdKpCzK~BnKvCtNbEhUzBxNbAnH~@~Ij@`IJdCPpEL`@DdAJnEDzDBlIExFHx@H^R^LXH?H@RJBDFCJAd@KlCmAp@UPBrAo@~@o@dAu@vAmA|A_BjAuAhAcBzAiCt@}A`J{RbAyBpFoJ|EqIvByD~AmDpAsCxAgBr@i@xAu@pA_@lAStAIbA?bBHrDJfCB`A?Jh@TjAZtA^hA`@tARpAx@zJ|@lLZjEC`DGfGg@zh@KpME~AOpBkBtRoBdSy@fJQfC
a0adf3a2-637b-4d8e-a532-d4d9c7fa6f68,9d4c66e5-037e-4a87-ad19-f4f7961563b4,53.89838656,-1.12943537,53.85926234,-1.03409858,4551,1226,18220,ke}gIj`{EE_A?m@F}@Hg@`@aAnAcB~AwBgA}AkB_CmCeDkFcHaB{B{A_BwGmHaBkBkAiAk@m@m@k@{AaAcBgAYU}GmHeFoFoHaIcAcA}AkA[Q_@]qHuF{EoDmMyJgBmAcAO{PcAeLk@sAMwAiB}BsCoDyESWqImLm@{@ISIUIs@_HvBwB~@_HrCs@l@oAnAo@v@}@xAgA~BqAtDs@pCKl@Mp@c@bDWnDGbAG`CAlBGtDSvB[lBgDfQiBbJt@r@r@r@nA~AFHHEdBlBn@f@hAp@pAXVSx@ElA[d@YZWZ_@d@}@`@wAPeAFs@BsBGsAWuCEw@AcA{AaL}BsNoDmSaAcGyAkLu@yHw@oKe@_KU_HKaICgH@}CH}HNaHV}GRyDr@}JfCkZ`Fwk@Cq@HoAZ{Fb@cN?y@Ey@Ga@KWKCMIQ_@Gi@Dm@Pa@VOR@PLz@Sf@U`As@Z_@PSFa@Ja@PUTMP?RFHDBDFCJAPCrAm@~B}@PBrAo@dCeBvAmA|A_BjAuAhAcBzAiCt@}A`J{RbAyBt@sApI}N~DiH~AmDpAsCxAgBr@i@xAu@j@Qd@MlAStAIbA?fEPvEFzEExEIhAAhBIbAIbAU~@_@p@[~@i@pFoDlBcA|Ak@vA_@~@OxAKtACzDBnACtAIhHk@xIs@nASxBi@~EcBpIuCjAWj@K|BK|@FvAPbATfE~A~Af@fBd@PDNCjEXvDVbDFx@CXHbBWvA[hA]zAo@jAo@zBwAJGE]CY@QJc@v@uBnAgDjAiDnDqLzAyFRu@z@cDr@yChJi[nBeGz@iB~AmBvCwCdBeBfByAnH{GdFuEtByApEyCtLkIdGaExBeB`BuArA_AbBeAj@g@d@i@^~@^dARbAH|@NtCJ`APxAh@xCTzARdCtA~RNzAHV\xATp@Tj@f@v@F`AHtANLF@\K
a0adf3a2-637b-4d8e-a532-d4d9c7fa6f68,e144e8fa-a656-4266-b3a7-052d15462d7b,53.8692142,-0.71972661,53.84211526,-1.34376732,4742,2435,52402,eixgIb{jCWib@aFkE_K}I}PqOgFqEe@`AoAnBeD~D}@nAk@nAuGh[uBxPoBzMoAfHs@jCgC`I_ArBeIjO_DjGaA`C_D|GcClFeY`n@k\xs@eElJeGfMwAjDqCdGW`@gCzEiB~C_EdGkB~CqFlKuPj]yK`UwFhNyIvVqGvRyN`d@yGfS{AxDgDlHqBbFuAlFmAtI}@bJaAfJq@tEiBpJK^Qn@H?HBFFLTF|@Sn@OJS?QMIMKTo@nBoGjVwGhWuMtf@eKr_@yCrNgBhKuCtS_DdWmIrp@gGre@mJtu@yBnPkBfKaBxG{BjHmE~KcExHoE`GwF|HaBjDmB`GgArF{@bHa@rFc@fN]rHc@tE{@nFsCzNuAnKo@fHmCzc@sBx^sAlRkAlJcCvNkCbLmD`Ns@zDo@pFc@dH_AnOYfC}@tEyBbJs@dGOzLB|DLhCx@nGt@xDnAhElEzMb@nBx@rFn@tJ`Bd^JbIIzE[|F_@lDiAtHu@xFeC|WkDx`@iDfa@aL`jB[bHItHFtEt@hRN~JCpKSfJc@xIq@dI{@jHqEvZ}@dHUxDCpHt@rTZzDf@jFZ|GDdDXb@Nd@|@x@\Rn@@pDAbD\xHpBXH^^zBn@nCfAfB|@rEvClCzBpNdOxWjYbc@le@rFzGbEpGbE`IfBdEnCvHvDtMlEjOjCfKpFdV~C|OhDvR~BzOx@lG|@nJj@lKNfGDlMUbMm@nK_AtLoLjuAaBtS]lGi@|PI~MBnITnL~@vRnAdOd@hE`BlLvG|_@dBjLnC~VpBhZrCph@|A`RbBtOtEj`@b@bGXdHN|RBdHP|HvAvT`Cvb@~@nLzAxN`E|]tArLtA|JvBbKpBbHbCjGpCfGjBdDzBlCdMdLbChDhCzEfGtKdHjNxBxEzC`HjCnJfBvHfBbJxA|HjApEfA~C~BbF|DrHxArDpGnRzBtFpEtIdJ`QvBnE|@|Bt@lCrBvJ~A|GhDbL~A|Fd@`Cr@|Ez@tKz@xLT|FDhZ?dNHfG\xIt@rJz@rHz@|FvAbH~BzI~CxIrD`IvElHbErEfMpNvD|EtE`HrG~K|EtJnFdM~EpMpDpK|CdKfDxNjBtKtAzKjAxNpCni@~AhVnCv[~B|PpFtZxDvUfC~P|ArIfC|KtJv^`Jz\bCtJfJja@zEnRbBzHzFfZrArIBlA`@vD^lGHjHI|FYbI@~@Hp@b@h@X|@TpEW~BNEDJPXf@?j@EjBeArLuH~Am@pDu@`KaAxXcGnCQ~BNvDb@TC
a0adf3a2-637b-4d8e-a532-d4d9c7fa6f68,621e569b-dc7f-4a97-871f-5fbc567a87d8,53.96981215,-1.0694886,53.99628955,-1.02042761,2835,466,5288,q~khInzoEbFkDl@GRDPLP`@Np@zCyCrCcCiAuFa@wBu@}GKu@[oAG_@CCA@C?C@GEKUEAK?kA]kCe@iS_DuB_@eA]g@]e@g@k@}@wAgDa@mA_CwFiBaFAMo@gBsGeQi@qAgB_GcBcF_CuGQc@_CkCq@e@SLMBM?OMMSE[?c@F]DQDGDy@?w@Gy@Cy@[oAc@oAaAuCoCoIyG}RyFoPcCuHkJ}X{@aCcAaCw@uAwB{CgCmDw@yA]eAo@{@IAMIGMKg@Ba@BOBIBy@@i@KwGC_BCWI[U_@]QOOe@k@UMSIg@@mAT{@D{@?}AQs@QqAe@eAi@u@k@}AuAc@g@{@cAcB_CMe@k@_AkBqC
fd5759aa-fdd3-4e68-aa62-4d16bc94d1c6,ecb2f91d-043b-4fd1-907f-18691179ec2c,54.08611463,-0.84961583,53.79501366,-1.17354076,8018,2575,46293,mmbiIjaeDDjAPXa@zBa@rDK~Im@|QKzKp@zMFdNStFGlHR`L^jDh@~B~D|Jx@hAbAd@|@^Pd@ArAUfByAtDm@fDBrBtAfIMtDL`D|@fBd@Xv@Hd@TPr@T~FQfCeDjK?jATp@hBzCBdCBxIZbB`BxFfAjJBzBO~CK`AT\z@nA~AtCdDdJ|CjOrDnQ`EpOlNfd@hOrf@|DbMlFnLdElGxC|C`k@vg@lMfLvCvCjBlCnE`ElFfFdHfHnEjD~EjC`F|AhHtAxHlC`FzCtG|G`CfDtEpJ`Pr]rQt^rDtE~ArApBfAvEbBpQnG|KtExHzEtHtGrPjRhD|FbFzLpCdIbCzIvFrStH~UxVxw@|]lfA|JhZrKf[zBbEhFbHnW`]hJvLdDrE`CpD`AhAfBvBpB`CfBzAnCvApCh@hB@|AUfAm@lA_Dl@]f@Dd@`@d@~@h@h@l@JvDUtEk@lKqCvJkEbKoF~CgAvDw@dG_@nDJbFr@vHdBrFz@`HXbGOzFu@vGiBvDcBvDuBn^qWfHiFfI_EbCu@vE{@xAQvIM~Hx@xElAnCfAzHtEhIxHjk@bn@z\~^pEfGtHdNxDrJhB~FxIjZbHjY`J|d@vEpZdArJ~@jNNbEPjARrIBhQ?jCN|@n@x@RHVBlDsA`A[b@GlAo@vCsB|D_EfEwGtLqW|M_VlEmIjAmCnAsBrC_CdBo@lB]~DCrLTdLQ|EY|Bw@~CkBfFcDjEcB|B]pHIxCEtMcAnFg@lEcAzP{F~B[jDD~Cp@bFjBzCx@bGXpDVhD?bADpAUdEmAzHmErCcBjAUrCB~Dd@pDj@xBp@rDlBvEjCbD`C|C~AlAZbCdAfCbA?xAHpF^hD|DlNVrC@zD_@hEcCnMw@|FE~ADbD`@rEdAtGNxATrI[xMNzQh@rc@XtIz@bH~AlG|FfLzMnV~Sv_@zAfCtAvA|AzBjA|DdBfHvA`EpC|H~I~ZtArIrCrElA`DtBfOv@zDNnB@bOt@`Fl@r@vEpBzAhAlBvBrCjDl@jBp@tDXt@r@l@zDhBbC~AhFnEh@Z~@LrB[tD}BfEiErDyCRQXZjEfEhi@hg@`A\xAJv@j@pCzG`ChGl@rCxDxGrElGJThTxVnJlLnBjChBzAzFhFbEhDbGfE~AzCnDlI~BxGvA~BdFvChBpAjAnB`DnHlB~CpArAfBlApCjDrEzNzIp^vCrKfAhB`DpBfMhHrCnBvGxHnB`CrDbFnAjClB~GnBzOzO}M~GcG`BaCp@aBHYr@f@P@fB_BZs@NPClCMjGb@dAp@l@
fd5759aa-fdd3-4e68-aa62-4d16bc94d1c6,1e020411-6b4e-4d96-b98d-a0747ef774fb,53.89856012,-0.86470381,54.14328054,-1.00864594,11001,2762,36347,gn~gIlwgDtAk^hAiGzAySp@mUn@{JZyB?QQEa@HwBYwIcBeAEeANaA\gA|@qDrE}G~DkOjGme@dSmH~CiE~B]FaDmAmHqCkIgB_EWwBnAiC{Ou@cCuL}QmZce@qHqLiIqM[?uFhAoJtByXjGu@FgBYyHeAu@J]LuAxB}E~IcGrH}FrHkJ`KmRvR{ArC{CpH_GfKkFnHoDnGcDbDqHhFiAXcEDkCi@qAaAg@AsBfCwAnAeKrHkBjBg@|ACf@JhAp@pG`AjKdA~JV|BcF|EuIxIgGdGgRfRoQpQoDtDm@dCaBpIkDbKcJrIaF|FeDhHiBdFgCfKC|@f@xDI|Co@zGq@hBcA~AuB~C}DhJwDtF}AfFqArE_AbByAxBmAjAqAn@s@fAe@pEYhB[v@qHbFg@t@wB|HI~Ct@fCZxBO`C@v@UTeAlBsAzA[d@G^KtAn@dFCfAeCbCi@n@IVCPEKEIEO_@aCQw@_AaBcCsB_@ByAtBsDnEwB|CkE`F}C`CqFnG_AbA{@\_AeDmEiLkBiFm@qByAlBmBjCkBtCwDdGmFlEgBhBc@`BY^w@RyABaAKUDe@d@k@bBs@rCwC`EmBdD}@lDg@rCe@l@eAFgAh@mBvAiBpCsBbDsA~CmAbAgDf@mL`EuBv@yAdAgCrCw@l@q@HeBPmBdAoGlGyAoA{@KcI~@aF~BoFlEyFhEuLbGkDnBiCpA_I|EwFzCyBn@sBv@}EpAuBp@iAFuDKcD|AsFtDsKrMoAbIUdA|DfIrFhLpAnCcEpHsAfCk@~@sLzKqDjBgM`EqHCsCZoAZc@X_CrCmFnFoDpDoBlDoBzD}EdImBlByBr@mBhAoI|G}SfQwEvE_AlAsAlCaf@j`AcGdRiEpNu@lC}@vGeBfOc@tFIpL[hE[pAuAxCkGxPeCvHaBnDgAnCoBvIgBbI_@`Cw@xB}B|Jw@`Cg@l@_C~@wBZiBCsO{DgAW]FMOOMcAa@mToIc@e@o@iJe@wB]m@yAsAoCgCc@OkAKaCJOLWIqBKsLu@uI~AmFVsj@zAeLZo@JmCXyA_@wAe@q@@k@F_DrAgDvAaAFu@YwA_BkCcFmAcBmAa@kAVeEtC_DhAaBXsGXoBKaKsAsWsIaAmA}@cCkZoYiHoEaJgA{@K}AYc@vCaA`Gw@^}AEaECuFE{HEuARcS`HoCLqBKwHcEGAwCbIqBrG]hBg@zD_@~AYj@_CpDNZf@x@zAbCvC|HBF
fd5759aa-fdd3-4e68-aa62-4d16bc94d1c6,8a73880e-a6e7-4ea7-b8dc-1b4e0e10fb67,54.05293445,-1.1572887,53.88307118,-1.23113498,5066,1459,24862,ye|hIjaaFPAAL?|@AzFDpUYhUDl@TV`@Lb@Df@Tx@h@\Rl@Gv@W~@e@tA_AJIN@LZt@rD^dC@j@Gv@En@Bh@F`@N^zBvElBjEjBrEvBrEjA|BPUpBiC|CkEfE}FtA}AlAgAbBuAx@i@nBiA~MgHvc@eUlKqFzM_H`DgBjC}Ar@g@f@i@bFeGhCiDp@}@Z[VOXIRE\?hAF`BL`CEhCMzBGpAFhCT|AJ~@@z@ITGtAo@xAy@p@Sd@CnCJdFDhI@d@A^Gz@UrAu@^]n@q@p@iA\u@\eAXeAZ}AbDuOfCsK~AiGhBiG~AeFx@sBf@gA|CyFn@cA~@qAzAaBbBuAnBmAdGkCbAm@r@g@~CkChCcB|DwBjCaB|BcBxBgBnBaBvDkChA_AhB_BhAgAhCwCnBeC|CcEdCyCrBqB~BkBvBwA`DiBjCeBvBeBz@u@p@w@^a@pD_FpB}CxB{CjCaDDU\a@Rc@Pc@AK?UBWHYHODENETDNPN`@B\ATFLBn@Lp@`CtFJ\\t@|A~CtDtH`BbDfGhLbLjTnAzBTPTZf@`@HJDCPARDJHJHFPH\@X?j@d@z@d@v@n@n@jAjA~DfEnE`FbNrObClCr@ZLML@JJDRj@z@hFvClGrDdJ~FbIvFzH~FbBrAdAt@xBhApAb@z@RrAP|@Fx@@hCKpIs@pJw@jCSHO`@UHKHCJBFJl@@HD~FgAjI}AxJiBfSsDhLuB~FeAvOuCfQaDfDa@bAIlCM~@i@?C@I?GBUNe@RQJEN?VLNXFT@J@D|@f@nBMvAGvDS`Ns@~EU|BB~AJlAN~AZtA`@`Bl@hAh@vBpArAbAlBfB|AfBhDbEtGhIvBnCb@n@dBvCv@~AX`@NNVHNCLDNRHX@HNJf@\tBD~AJPDZVVh@Lv@@b@Cb@UrASZo@l@Y\OZOz@?hAFvBAt@N~BRlCj@`Hj@rF|AzNdBbOvAxLxAtLf@dDbAlFr@tCr@lC|@tC`AlCnClGpB`E|@zAt@bAdAhAjBbBrGzFdAdAbApA~@vA`AhBxCpFvBtDnCbF~BtEpH|Ov@nBt@|B|@pDfAjEvApGbCpM|@hE`AdDp@jB|@pBxEdJd@~@`A~Bx@`CjDbKbA|ChAzCp@xAhBpD~DrHnDxGlDzGdAdCr@tB`@zApAbGpAjGn@dCxA|E|BxH~@tDVtAb@jCf@bF`AxMf@~HLfFB`NX?RHXPhKjJ`@XTL`@?dCeAh@[NONQHEHB^Zt@j@pF|DrB|AvAj@xB~@
fd5759aa-fdd3-4e68-aa62-4d16bc94d1c6,ed1f458f-b449-44cf-82a5-27421a5a9a2d,53.99591207,-1.00583905,54.08057658,-1.15042434,5757,1398,19947,uaqhItbcELCX_@L]\eANc@f@c@FCVb@p@bAFBJAXEr@YP^lBlEl@zAf@vAx@zBfCbG~AhE|AnEfAhD~@bD~@|Bx@bB|@xBt@rAlApBxApBh@dAr@`Cp@pBdCfGrCpGfBdEdApDjBjHt@jC_AhAm@`@o@NcA@u@?q@Nk@`@o@x@_@~@UbAo@`Ge@`GMvAe@zCi@bDS~AANg@q@qAgBu@eAw@yA]eAo@{@IA_AXO@_@b@i@t@o@fAa@~@}AxDiIzR_E|Ii@zAkCpFq@rAcDrGsG|L_E`IKh@i@lABFBT@TEVGTWVGBGAGCECg@v@IHKDo@pA}C~GcEjJ_G~NqBlFq@fBi@fBk@pBm@jCy@lEcAfGJT@NEXMNI?GEOfAGlA?rAN|FRhGJhBP~BXrCf@tD`A~E~FnXlFxVf@vBLTJLRb@FPBBFP@PCVCDJd@Fh@jBvIrCbO|AbJfCtNxGb]~CrQr@dBT@PNNb@Dl@?ZEPKVQTYBQEKKQk@g@q@WEm@Cw@LsHzB{GlBsG|AuEbAke@hLi]pImOzDqElAaCj@mATwATaCVwB@oAAwAQ{@UcBq@qEeCwB{AcCsBgGiFgA{@c@GW?WFwDxAyH~CqGlCoFzBg@Rg@HsKRcAFg@H}@V}TrGsAX_Gr@o@P{@b@uD|Ck@\g@Po@HeEZuB^aDdAiF~AwBf@{Bb@{JxBi@Da@AeAKmAMo@He@TwNhIaMpH{ExC_EzBiAd@cBj@{@XsBf@{C~@mLdDuDdB_ItD_D~AmD|AgATgC^yAJeFXm@L_Aj@wBxAgAj@yAh@y@LcBFwA?kAC}CSgBS{@QuAc@oC{Bi@fHO`DStCUtA_B|DWbAGfANdGLpD?rCe@fHSjDUbA]b@wDxAWJWT_@~@{@dHgAtJi@`FE~@CpQ@nGCr@QjAQXOP[RyDnAyFpBaDdCk@XBpBJp@`@bAhCzEfAjCl@fBTbAN|@JpA?pBO|DSxCwAxO{@fIwAdO
fd5759aa-fdd3-4e68-aa62-4d16bc94d1c6,66fa875f-beff-4268-860d-ddb94bd3a036,54.0060198,-0.9130551,54.04870988,-1.08998042,5487,1442,18460,isrhIfvpDpA`D|DzKtAbEvA|En@xCn@~B{BtCiCtDaE|Gc@j@q@j@{BhByCdCWt@Ov@S\_@ZeAJk@@iAKWBYNYb@mAtEUj@aArAuBjCu@tAOb@i@nBo@nDMd@QVMHSBe@Bg@JiBfAiAhAw@jAu@rAs@bAa@t@[z@g@jA]f@m@f@g@T[Hw@D}@Lc@LqBp@sChAoDjAkBv@w@p@c@d@sAxAa@d@[T[JWBU?u@Hy@N_@NWRmAfAq@n@qCnC[^d@p@bAvA`AbBz@vBtBtF~@rCb@~ARhAP~@TbB@h@JtBVtDRfBRz@Zp@x@bBHRB\A\_@lEIbCErDAtQAfVCpGItDcAhOsArSmCp_@u@tJUvASv@_@~@u@vA_D|Dg@l@`AfDv@rC^~Ar@vCrAxEzBrHbIbWvEdO|BbHfC~HbC~HtCdJp@zBGLKX}BnJgFfUwFnV_BfHw@vCwBxFuF`OaBvEQ|@Ep@A`AFxDPjEhAjUdA`V`@bIRzG^dIH`CBzBIdIOvJOxH_@jLS|JSzFWzD]rL[jJc@vKcBx[QhCEf@o@e@}AkAa@QcBe@_Di@kAM}@QwCw@yA{@_CgBwDsCsBiAyAeAoBwBiCwCaBsBEBCEe@f@YPSH_@BcAAmBKm@GkBg@sCwAaCqAiAi@aA[{Du@iCe@sAYeAIkAJw@H_BVqCh@oATS@UGGGIZIRkAt@EV@n@VbDLj@xApEv@rBZv@nAdDDHOXuA`DqFtOKp@@jAGr@UjAC`@DZJRdAbAbA`AxApAxAhAPRLXJd@d@nGv@`L@dB@hCb@pUFv@x@hErC|MlCpML`@RZPPVJZ@rCG^BNLNZVjAxCtRvArJjGlb@zDzWPx@HNPNNFH@]N_@Rk\`NuNfG_ZtLuD|AkI`DMDIJERWvJIp@KRk@l@o@h@c@FCDC\EZMNg@@
83814a24-16ef-408e-b384-130ab8ca5883,15fef21d-1416-48b6-b8e6-0fe5da9309c7,53.82454487,-0.91550737,53.86669584,-1.27894808,7294,1954,35608,ujogInnqDtNpXhAhBh@ZdCMdBMb@G@XDxA@f@DlGC`DU~DWxAw@~CUbBGpABrEBjELzATxABlB?d@[hCeDv]iA`OuB`X_Hx|@wBx[}@pQOjO@b@Hp@SFk@DSAcAY{DsAa@IeACw@FY^k@hCMdDCxCOdBq@pBWPYDwBW{BYaB@iAVm@b@u@hB}ArFeArFgGph@iA`EqFvNkLd[eBpFyCdLwArGcAzFqBrL_@|Do@`BO`@CRk@Pg@Rc@`@iAjCsD~EyDtFeAlAi@^mBVcDNkAGsAe@iAc@}Da@_CBqB_@qBO_AHmEdCwCxAcCx@aAp@oD~C{FtFeA|@eBzBiBpBmBxA{@b@qAVqBFgAHg@\S\}@dByBzBm@bAg@vAuArFi@~HM|KKnTMtBi@pDe@jBiC~HuCxJyAfDuDjGgBbD_BjBmEvC{GlFgVhPuDfC_CrBcPtNwHzHcA~Ao@`BeC`IiFfQcB~F_A~DeEbOsCfJeAzCuAxDo@pBH~@sCfB_DxAaBd@yDt@qBJsB?qBKiFm@c@K]SgEmAgE_B{Cg@}@G}BJwBb@qItC_FbBiE|@yIr@_Kt@kG?oDNwCn@}Aj@mBbAqFnDqBdAcCt@mDRcHJ{EDwEGgEQyCHsB`@eCfAs@h@yAfBqD`IqOfXyBlEaJzRqCfFuCxDuDlDeCdBsAn@OVwC|Am@n@Ut@Ch@M`@e@f@M@G?]ZaAdBg@lDiDzXe@hFQf@i@jG}Cv]qAhOaAhLa@jGe@fJ]nOGjPL~KZbKfAxQhAhMpChRvHdd@|AxLhBvQlBxZvA|WbA`PzAjQhBzOrBtPnAjLd@|GV~HJ~RD`HV~HjB~YpBp]jAbNxAbN~Dx]vAtL|A`KrBxIxBbHlCtGpBhExBpDrC|CdGlFjDfDzBlD`D`GrGdL|FpL~CxGzBxFjC~JbBhHrBxKhAzFdA~D|A~DbEdIlBzD~AfEtGrRjChGjEdIfJdQxAzCz@bCtApFzArHpB~HxC|JrAbFn@dDl@fF~@vLp@|JPtFBp]?jKNxHb@|Iv@xIx@~G|@pF`BxHtC`KpCjHvDzHpB~CfB`ClF|FhEtE~HrJjCvD~ExHnDpG`InPxCnH~BhGdApC^d@d@r@ZTh@L`@Cx@U~Ae@dA_@lFaBdAY\@zDcBxCqArCcBrEqEh@xHnAdKfAnHDlAKvCmAdEg@zAKn@NbBTnJeALgAPe@bAm@~CWjLaAbQA|ApBd@~Bx@pAnBfApCz@xAVkG
83814a24-16ef-408e-b384-130ab8ca5883,3697da76-a993-4398-a516-b533ed285bdf,53.94753743,-0.93097317,53.91923854,-1.27406081,4322,1508,29218,w}ghIf}tDs@r@K\Aj@A`CqB`@R|Ev@`QDpC?fDMjEKxB]|Di@hEq@dEaAtH{BpVaBdRsEzh@g@`HkCzb@kDzk@aBbXSrDCvAG~E@nBLdG`@xINbFJhG@~CAxCIpGYvI_@nGu@tIYjC{@dGcEvX]nCKhAUxECrCHtD\`KTxFh@tGH~@DPHv@RjDDdCB|BNPRf@DNn@l@`@XXHbBGdA?`BHhANxAXlGbBj@d@zBn@`A^vAl@|Av@|BtArCvBnDbDxR|Stg@fj@fI|IxCfDdBrB~BbDhAbBjCpEpDvH~A~DbApCl@vBdH|UnCdKpCzK~BnKjArFjA`GdBlJ|AzIlAzHvAnJ|@lHZnDj@`IThFPpIBnFErFKvEMxDOzCa@`GsAhPcDj`@oF`n@aAhLa@jGe@fJSjHIbFEbDAfKL~KZbK^`Hf@vHhAhMbAlHp@pEZhBnDlSfCvO|AxLx@lHn@hHTrCx@`M\bHvA|Wf@vIZhE|@xK\pD|@bIj@vErBtPbA~IJjAd@|GV~HF|HHbRH|CL`Db@dHfAxPl@|KbArP\rEl@nGxAbNdBvOpDvZh@xDr@fE~@hEr@nCt@hCbAxC~@dClAnCpBhEdAlBr@bAv@bAzAxAdGlFrBjBv@z@hAbBp@hA`D`GtCbF|B`EfBlDtH|OjAlCn@jBp@~B\rAz@jDbBhHrBxKhAzFdA~DRl@hApC|@nBdCtElBzD~AfEnCdIdClH~@`CjAfCjEdIlDvGxDlHxAzCz@bCtApFzArHr@|C|@`DxC|Jz@zCVfAn@dD\jCNzA~@vLp@|JPtFBdF?vb@LlAFlAPrCNrA^fCl@lCp@lBz@`CVpAFv@?n@ChAOfA[~@s@jAy@hAUf@Qf@Mj@MrB?|BEZ^bCh@rC`DfOjAdGf@bEf@rHDp@n@dEb@hFd@`G\`DLfBHz@`@|Cp@nCURUTc@r@Sb@Ed@Bh@B`@Ij@ETIRc@h@mAbAw@z@w@bAi@d@uAv@qA~@YXoBpCeAbAe@r@a@hAc@bBi@~AoBhFeAxB}AdCcBtCo@jA}AlDeBfEg@~AeAdGc@fBk@pAuAhBsA~AcB`Ds@vAc@r@wBfCiA`By@nAg@lAgBfE]f@cAbAsDdBkG`B_FbA{@Ng@?aC[}@@{@JkAf@y@h@}BhBqExCa@X_A`@m@LgBJuDHc@AgAQcEo@iAW_@?mCRgAKm@K}@[w@[u@e@WSe@g@wCiDeCcC}AmAiAu@[SGQi@Ik@M}AYiAAoH]m@O
83814a24-16ef-408e-b384-130ab8ca5883,b31f0cd2-370b-4c76-9703-35db8950fdb1,53.75426844,-1.10623941,53.97593959,-1.19072902,7211,2114,38997,ktagIxsuEhA[xAkF_EcFeBwAwE_B_Cu@cDo@kE_AqBk@sASuAG{DGk@F_AF[REVMZW\e@Nc@MYg@Os@?w@Lu@RmDwNcdB_Eae@WwCyCo]OkBUk@Yc@GASOQc@Es@?WKwByCaJuQii@aFmOyAsG}Gs]kC_NoAsFgAcDyB_FoBuC_BeBoDgCs@a@uI{E_C}@kCs@gFe@wBC_@T_@PAFGLKP_@HmAg@}APgDbAaKhGmErCeAd@mAn@wAd@_B`@mBTyBHSJ_@NUXMh@ST[D[OeA_AcFoC}Q_JaEiB_Ac@CVQd@WP[CWWKc@As@@IeAk@y@Y{Cw@mBW{EEuF^uSvAgFn@gEtAkGhDkF|Ckk@p[{_@hTyIjF}QdKkBlAiLxGmAp@mHxDoAl@aC|@eJdDyJjCyDt@eDx@cBVoARkDn@Y?_CXqCJcBCoBQiCi@eC}@cAe@oD{ByOkKoJmG{H}E_CaAeCe@sES}BBuHAk@EgH@sFDcBRuBf@yCjAsCrAqExAeC^gEPuDOcDi@aH{BqN_F{CaAa@@wC}@gCiA}DkBwBqAmCaBoAaAeAg@eGoDuB{@qE}@yEi@sBGcBNgFvCgEfCgBr@aE`AcBX_CH_FOoFu@OMmAY}DsAmEyAcCWmB@aAJwCp@kJfDuEvAgDh@uNhA}EZeH?qCP}Cv@wB`AgBdA_F`DuBbAaCh@wGPiLJoJYkCFg@FiBb@gCpAmAnAoArBiEbJkDdGaIdNyDfI{HtPqCrEaCtCaDrCuD|Bk@f@e@TkC~Ac@~@?TGf@_@v@a@Hy@x@q@|AuChUwAjNSn@iAtMsFbo@c@rFc@nGg@xLW`N?nRTnL^rJ~@jNtAfN`BlLbA~FzGfa@|BbRtA`PjBh[xAxXpAhQzAzOxEl`@t@pHd@|HP|HF~HJ~QVdHl@xIfAhQLXZjCTh@TTl@Hh@[Ze@Jq@@gAMw@Wi@m@]uEQaAXKPYH[QOo@UkBi@aB}@aB_A{AsE_G_HsI{FuGkDmCuBmAuDwAkDs@{DWmDF}Id@sG\gERsBJw@FcA`@CFAFGJSRUDUGOSuA_@m@BgCN_H~@qHrAwNjCwQfD}j@fKiKlBqB^CHEBk@VAFIJK@KEg@MIIkCRqJv@qIr@cEHqCYmCw@yBiAiDiC{H_GcIwFeJ_GwNkIu@ICDE@e@pEG~AU~GYnB{AdKeA`K{CtYoAnN[rKC~U?lSM|IUtGLdNQ`FYfGE`HSdDuA`JsB`MeFfZcJll@tSjD
83814a24-16ef-408e-b384-130ab8ca5883,a8fa3fb8-57c2-49b2-b44d-a668a5d0e7e8,53.88864813,-1.21827657,53.83000734,-1.11354763,4110,1293,18103,cf|gIjrlFiCvBwApAeApAa@v@a@|@kAtCg@|@[d@F`@b@jCNpAVpCb@bGz@xLHzAJ`DBvD@vc@HfG\xIZxEXxCz@rHz@|FvAbHn@jCnAnEtAbEhAtCjAnCfBpDtA~B`ClDxAdBhBlB|BbChIlJvD|EtE`HnErHbAjB|@bB~CpGbDnHjAtC~EpMv@dAZ^TNTDZ@d@KxDgAd@U~C_AdBi@XG\@tIuDrCcBjAaAlF{FjAaAXOtA[v@Gd@?dK|@~HZvRh@tDLxBZjAVjBh@jDxAv@ZBi@?iBSiHOsDAeCB}@VeDPiDFyCBeFLkCd@gFTaCL_CP_JB_H`@wNd@gQj@aTVuIH}CJuAFoABeBIwGCqC\mHj@aJz@_OHkFEsEMkFWaPEeCBeD?kGBeERcDHaAL{HHyCj@k@bBqAdA}@VAlBElE?r@ErCKZIb@W\]Ve@SgAm@_B}@gBUq@[wAe@cEQiAYw@m@cA]Ws@CgABGaBN_CA}AMcBKqBCw@DuAL}@h@qAZs@XiA@iCCoFHwBPwADyBGkBQiDFsCLiBj@}En@gEr@qGDy@?u@Ek@SsAQoD[sGCeB@s@LuATqAXcAj@mAh@s@hByAZa@b@w@Ri@Tu@N{@N_B@uAOaD?aBByBQaAUaA[s@[YO[Ac@JoCt@qORqDPkB~@uHXyCPcDJgCPsCNsAd@iCv@iCtAaDtAsCr@}ALa@Di@?w@AyBHeD@oAEwASmAYyAIu@As@J{BGiDQqCGaBf@?nBf@fAChA[\ORSJWH_@Bm@E_CKoBUmCAe@D[JUd@i@LSD_@CiFBwEMqDAw@Di@NoAhAwE`@gC\sAdDaH^cBd@cCr@_D\mBJgANiAL_@P]RYh@a@ZSRGfAGd@Et@W`Ao@dA}@Zc@F_@@mABg@H[JQVM\GN?j@wAt@eBJ_@PsADmBAiDK{AKeAOu@KiAE_ABsAVqBz@{EZaAXo@b@q@lBoCxCmEtA_ClAgBfBwBzAkBfAcBV_@f@]lAeA\m@h@s@zAqBhAgBn@oA|@{Bl@gCXqAd@eDRwAJYFMHCP?YcAk@{@Y[q@g@WQQWyAyDk@qBgA_CMi@SyACs@KqCUaBiAeGq@mFUoCGyBHmBXeBXmATq@n@yAx@}Az@{Af@kBx@{C|@sCtBeF
83814a24-16ef-408e-b384-130ab8ca5883,3cfeef45-b08c-480f-8c37-55106ae86468,53.86785907,-1.11954099,53.92657006,-1.27365475,6116,1255,17706,ixwgIh~zEBd@ARGv@]~A_AvDGh@]`Am@|B]pBaCbSw@|FUzCYrHSpBYtBeClLg@fBUd@ONa@Tc@XYZu@~A}@tB]bAs@rCyAjHWdB]jDgAfPo@xHo@tF{@|ESbBIrB@hGD\Pj@bA`BBRB^Ej@ShDBjCEhAAb@If@QJD`BTpD?nAKrCOtD]hEe@fDWhAMViA~Bw@~AuBrEgAdB{BfC_CvB_CfBoAj@iA`@WPm@l@eBzBq@bAi@fAwBlEyAvCm@bBm@~Bs@tCaApCy@~AgAzAy@fAiAhBa@b@}AvAw@p@qAz@g@RUF_AFuBe@}DyAu@W_ASy@Ys@[g@IiAC}FYs@@i@Hk@NuAj@eCdAs@`@qA`AuBdCsB`BsDpCu@^yAf@aA^i@z@a@jAS|@UnBMbAUt@kAdBu@l@o@n@aAz@g@XaA`@kA^qATw@B_@?{BMgEL[HiAd@mAl@sAf@}A\cBp@iAh@oA`Am@d@i@XqAd@KcBk@eHKi@_@gBe@iA}@kA}@i@y@Qc@Cq@@YBYL]Rc@^iA~A[lA?^BXFZ^jA@^rApCxBxEbBpDv@nBt@|B`@bBr@lCfBvHfBbJxA|H^~Aj@pBfA~C|@pB`ApB|DrHxArDpGnRhAzCp@xAhBpDfBbDfDlG|DrHvBnE|@|Bt@lCpAbG`@rBn@vCn@dChDbLl@rBp@hCd@`Cb@jCNpAVpCb@bGz@xLHzAJ`DBvD@pT?dN?r@Jn@DbANpCLvAZ`Cf@fCh@jBnAbDT`AJbABj@CvAK`AY`A[p@mAfBWb@Sf@K^OlAGrB@x@A\CNTzARjAbBnI`DlOZxBRbBXvENtBP|Af@`DLrAp@hJd@nERdCTvB|@vD]Xi@r@Sd@Kb@?f@Dr@ShA]j@kA~@g@f@kAzAi@h@cAj@uAz@e@b@yBzCyA|Ae@~@_@nAW`AyBbG{@zBaAdBgBrCmBhDaCtFyArD[tAo@rDa@lBSr@c@~@e@p@qAzAq@z@g@|@oBzDc@r@wBfCcCpDsAbD{@pB]f@cAbA{@b@wB`AqBj@gGxAmDn@g@?YEgBU}@@{@Jm@TwAz@}BhBaC~AqBrA_A`@m@LgBJwCFaA?iDi@kDo@_@?u@HwAHk@CiASuBw@mAy@gCwC{D}DkCoBm@_@MMCKOAo@OsB_@iAAeFWiAEm@OcLeEcAWi@GcAEa@Ae@JcAf@cChByBtBqApA
